Matchday,Home Team,Away Team,Player,Foul,Card,Time,Stoppage
1,Blackburn Rovers,Wolverhampton Wanderers,Roger Johnson,Reckless challenge,Yellow,19,
1,Blackburn Rovers,Wolverhampton Wanderers,Richard Stearman,Reckless challenge,Yellow,21,
1,Blackburn Rovers,Wolverhampton Wanderers,David Dunn,Reckless challenge,Yellow,36,
1,Blackburn Rovers,Wolverhampton Wanderers,Brett Emerton,Reckless challenge,Yellow,38,
1,Blackburn Rovers,Wolverhampton Wanderers,Jason Roberts,Dissent,Yellow,60,
1,Blackburn Rovers,Wolverhampton Wanderers,Steven N'Zonzi,Reckless challenge,Yellow,89,
1,Fulham,Aston Villa,Danny Murphy,Reckless challenge,Yellow,21,
1,Fulham,Aston Villa,Gabriel Agbonlahor,Reckless challenge,Yellow,45,2
1,Fulham,Aston Villa,Emile Heskey,Reckless challenge,Yellow,58,
1,Fulham,Aston Villa,Moussa Dembélé,Off-ball infraction,Yellow,82,
1,Fulham,Aston Villa,Stiliyan Petrov,Off-ball infraction,Yellow,82,
1,Fulham,Aston Villa,Richard Dunne,Reckless challenge,Yellow,84,
1,Liverpool,Sunderland,Kieran Richardson,Reckless challenge,Yellow,6,
1,Liverpool,Sunderland,Lee Cattermole,Reckless challenge,Yellow,27,
1,Liverpool,Sunderland,Phillip Bardsley,Dissent,Yellow,45,1
1,Liverpool,Sunderland,Jamie Carragher,Reckless challenge,Yellow,45,
1,Liverpool,Sunderland,Jordan Henderson,Reckless challenge,Yellow,60,
1,Liverpool,Sunderland,Charlie Adam,Reckless challenge,Yellow,66,
1,Liverpool,Sunderland,Dirk Kuyt,Reckless challenge,Yellow,72,
1,Liverpool,Sunderland,Sebastian Larsson,Reckless challenge,Yellow,78,
1,Newcastle United,Arsenal,Alexandre Song,Reckless challenge,Yellow,29,
1,Newcastle United,Arsenal,Fabricio Coloccini,Reckless challenge,Yellow,45,1
1,Newcastle United,Arsenal,Kieran Gibbs,Reckless challenge,Yellow,48,
1,Newcastle United,Arsenal,Tomáš Rosický,Reckless challenge,Yellow,52,
1,Newcastle United,Arsenal,Cheick Tioté,Reckless challenge,Yellow,67,
1,Newcastle United,Arsenal,Joey Barton,Off-ball infraction,Yellow,76,
1,Newcastle United,Arsenal,Gervinho,Violent conduct,Red,76,
1,Newcastle United,Arsenal,Wojciech Szczęsny,Dissent,Yellow,78,
1,Newcastle United,Arsenal,Thomas Vermaelen,Reckless challenge,Yellow,90,1
1,Queens Park Rangers,Bolton Wanderers,Nigel Reo-Coker,Reckless challenge,Yellow,31,
1,Queens Park Rangers,Bolton Wanderers,Clint Hill,Reckless challenge,Yellow,52,
1,Queens Park Rangers,Bolton Wanderers,Gary Cahill,Reckless challenge,Yellow,76,
1,Queens Park Rangers,Bolton Wanderers,Clint Hill,Off-ball infraction,Yellow/Red,90,4
1,Stoke City,Chelsea,Ryan Shawcross,Reckless challenge,Yellow,10,
1,Stoke City,Chelsea,Ashley Cole,Reckless challenge,Yellow,66,
1,Stoke City,Chelsea,Marc Wilson,Reckless challenge,Yellow,80,
1,Stoke City,Chelsea,Frank Lampard,Reckless challenge,Yellow,88,
1,Tottenham Hotspur,Everton,Landon Donovan,Reckless challenge,Yellow,45,2
1,Tottenham Hotspur,Everton,Aaron Lennon,Reckless challenge,Yellow,74,
1,Tottenham Hotspur,Everton,Tim Cahill,Reckless challenge,Yellow,83,
1,Tottenham Hotspur,Everton,Marouane Fellaini,Reckless challenge,Yellow,85,
1,West Bromwich Albion,Manchester United,Steven Reid,Reckless challenge,Yellow,39,
1,West Bromwich Albion,Manchester United,Ashley Young,Reckless challenge,Yellow,56,
1,West Bromwich Albion,Manchester United,Anderson,Dissent,Yellow,80,
1,West Bromwich Albion,Manchester United,Paul Scharner,Reckless challenge,Yellow,87,
1,West Bromwich Albion,Manchester United,Simon Cox,Reckless challenge,Yellow,90,1
1,Wigan Athletic,Norwich City,David Fox,Reckless challenge,Yellow,1,
1,Wigan Athletic,Norwich City,Steve Morison,Dissent,Yellow,72,
1,Wigan Athletic,Norwich City,Mohamed Diamé,Reckless challenge,Yellow,83,
1,Wigan Athletic,Norwich City,Ben Watson,Reckless challenge,Yellow,85,
2,Arsenal,Liverpool,Emmanuel Frimpong,Persistent infringement,Yellow,8,
2,Arsenal,Liverpool,Andy Carroll,Dissent,Yellow,28,
2,Arsenal,Liverpool,Lucas Leiva,Reckless challenge,Yellow,45,
2,Arsenal,Liverpool,Emmanuel Frimpong,Reckless challenge,Yellow/Red,70,
2,Arsenal,Liverpool,Henri Lansbury,Reckless challenge,Yellow,89,
2,Aston Villa,Blackburn Rovers,Emile Heskey,Reckless challenge,Yellow,55,
2,Aston Villa,Blackburn Rovers,Fabian Delph,Reckless challenge,Yellow,58,
2,Aston Villa,Blackburn Rovers,Stiliyan Petrov,Reckless challenge,Yellow,80,
2,Bolton Wanderers,Manchester City,Fabrice Muamba,Reckless challenge,Yellow,44,
2,Bolton Wanderers,Manchester City,Kevin Davies,Reckless challenge,Yellow,44,
2,Chelsea,West Bromwich Albion,Gabriel Tamaș,Reckless challenge,Yellow,7,
2,Chelsea,West Bromwich Albion,Frank Lampard,Reckless challenge,Yellow,34,
2,Chelsea,West Bromwich Albion,Youssouf Mulumbu,Reckless challenge,Yellow,45,
2,Chelsea,West Bromwich Albion,Jonas Olsson,Reckless challenge,Yellow,60,
2,Chelsea,West Bromwich Albion,Peter Odemwingie,Reckless challenge,Yellow,90,1
2,Chelsea,West Bromwich Albion,John Terry,Reckless challenge,Yellow,90,
2,Everton,Queens Park Rangers,Fitz Hall,Reckless challenge,Yellow,39,
2,Everton,Queens Park Rangers,Leon Osman,Reckless challenge,Yellow,81,
2,Manchester United,Tottenham Hotspur,Jonny Evans,Reckless challenge,Yellow,37,
2,Manchester United,Tottenham Hotspur,Michael Dawson,Reckless challenge,Yellow,40,
2,Manchester United,Tottenham Hotspur,Jermain Defoe,Reckless challenge,Yellow,90,2
2,Norwich City,Stoke City,Jonathan Woodgate,Reckless challenge,Yellow,37,
2,Norwich City,Stoke City,Ryan Shawcross,Dissent,Yellow,39,
2,Norwich City,Stoke City,Leon Barnett,Professional foul,Red,63,
2,Sunderland,Newcastle United,Yohan Cabaye,Reckless challenge,Yellow,25,
2,Sunderland,Newcastle United,Wes Brown,Reckless challenge,Yellow,36,
2,Sunderland,Newcastle United,Ryan Taylor,Reckless challenge,Yellow,38,
2,Sunderland,Newcastle United,Lee Cattermole,Reckless challenge,Yellow,67,
2,Sunderland,Newcastle United,Phillip Bardsley,Dissent,Yellow,68,
2,Sunderland,Newcastle United,Joey Barton,Dissent,Yellow,68,
2,Sunderland,Newcastle United,Phillip Bardsley,Reckless challenge,Red,89,
2,Swansea City,Wigan Athletic,James McCarthy,Reckless challenge,Yellow,18,
2,Swansea City,Wigan Athletic,Jordi Gómez,Reckless challenge,Yellow,25,
2,Swansea City,Wigan Athletic,Victor Moses,Reckless challenge,Yellow,76,
2,Wolverhampton Wanderers,Fulham,Kevin Doyle,Excessive celebration,Yellow,42,
2,Wolverhampton Wanderers,Fulham,Moussa Dembélé,Reckless challenge,Yellow,47,
2,Wolverhampton Wanderers,Fulham,John Arne Riise,Reckless challenge,Yellow,60,
2,Wolverhampton Wanderers,Fulham,Stephen Hunt,Reckless challenge,Yellow,71,
3,Aston Villa,Wolverhampton Wanderers,Fabian Delph,Off-ball infraction,Yellow,6,
3,Aston Villa,Wolverhampton Wanderers,Jamie O'Hara,Reckless challenge,Yellow,45,1
3,Aston Villa,Wolverhampton Wanderers,Karl Henry,Reckless challenge,Yellow,63,
3,Aston Villa,Wolverhampton Wanderers,Richard Stearman,Off-ball infraction,Yellow,72,
3,Blackburn Rovers,Everton,Victor Anichebe,Off-ball infraction,Yellow,14,
3,Blackburn Rovers,Everton,Míchel Salgado,Reckless challenge,Yellow,14,
3,Blackburn Rovers,Everton,Junior Hoilett,Reckless challenge,Yellow,24,
3,Blackburn Rovers,Everton,Radosav Petrović,Reckless challenge,Yellow,45,1
3,Blackburn Rovers,Everton,Mikel Arteta,Reckless challenge,Yellow,53,
3,Blackburn Rovers,Everton,Steven N'Zonzi,Off-ball infraction,Yellow,55,
3,Blackburn Rovers,Everton,Christopher Samba,Dissent,Yellow,90,3
3,Chelsea,Norwich City,José Bosingwa,Reckless challenge,Yellow,36,
3,Chelsea,Norwich City,Andrew Crofts,Reckless challenge,Yellow,41,
3,Chelsea,Norwich City,Fernando Torres,Reckless challenge,Yellow,56,
3,Chelsea,Norwich City,Kyle Naughton,Reckless challenge,Yellow,59,
3,Chelsea,Norwich City,John Ruddy,Professional foul,Red,80,
3,Liverpool,Bolton Wanderers,Grétar Steinsson,Handball,Yellow,44,
3,Liverpool,Bolton Wanderers,Ivan Klasnić,Reckless challenge,Yellow,49,
3,Manchester United,Arsenal,Andrey Arshavin,Reckless challenge,Yellow,15,
3,Manchester United,Arsenal,Ashley Young,Dissent,Yellow,27,
3,Manchester United,Arsenal,Jonny Evans,Reckless challenge,Yellow,27,
3,Manchester United,Arsenal,Carl Jenkinson,Reckless challenge,Yellow,40,
3,Manchester United,Arsenal,Johan Djourou,Reckless challenge,Yellow,63,
3,Manchester United,Arsenal,Carl Jenkinson,Persistent infringement,Yellow/Red,77,
3,Newcastle United,Fulham,Steve Sidwell,Reckless challenge,Yellow,64,
3,Newcastle United,Fulham,Danny Simpson,Reckless challenge,Yellow,87,
3,Newcastle United,Fulham,Alan Smith,Reckless challenge,Yellow,90,5
3,Swansea City,Sunderland,Kemy Agustien,Dissent,Yellow,59,
3,Swansea City,Sunderland,Craig Gardner,Reckless challenge,Yellow,83,
3,Tottenham Hotspur,Manchester City,Benoît Assou-Ekotto,Reckless challenge,Yellow,10,
3,Tottenham Hotspur,Manchester City,Gareth Barry,Reckless challenge,Yellow,20,
3,Tottenham Hotspur,Manchester City,Pablo Zabaleta,Reckless challenge,Yellow,23,
3,Tottenham Hotspur,Manchester City,Yaya Touré,Delaying restart,Yellow,25,
3,Tottenham Hotspur,Manchester City,Rafael van der Vaart,Reckless challenge,Yellow,31,
3,Tottenham Hotspur,Manchester City,Stefan Savić,Off-ball infraction,Yellow,76,
3,Wigan Athletic,Queens Park Rangers,Piscu,Reckless challenge,Yellow,33,
3,Wigan Athletic,Queens Park Rangers,Gary Caldwell,Reckless challenge,Yellow,77,
4,Arsenal,Swansea City,Kemy Agustien,Reckless challenge,Yellow,25,
4,Arsenal,Swansea City,Theo Walcott,Reckless challenge,Yellow,49,
4,Arsenal,Swansea City,Laurent Koscielny,Reckless challenge,Yellow,53,
4,Arsenal,Swansea City,Steven Caulker,Reckless challenge,Yellow,68,
4,Arsenal,Swansea City,Mikel Arteta,Reckless challenge,Yellow,78,
4,Bolton Wanderers,Manchester United,Kevin Davies,Reckless challenge,Yellow,13,
4,Bolton Wanderers,Manchester United,Mark Davies,Reckless challenge,Yellow,20,
4,Everton,Aston Villa,Phil Jagielka,Reckless challenge,Yellow,66,
4,Everton,Aston Villa,Gabriel Agbonlahor,Excessive celebration,Yellow,84,
4,Fulham,Blackburn Rovers,Danny Murphy,Reckless challenge,Yellow,42,
4,Fulham,Blackburn Rovers,Brede Hangeland,Reckless challenge,Yellow,70,
4,Fulham,Blackburn Rovers,Míchel Salgado,Reckless challenge,Yellow,86,
4,Fulham,Blackburn Rovers,Mark Schwarzer,Reckless challenge,Yellow,90,3
4,Norwich City,West Bromwich Albion,Paul Scharner,Reckless challenge,Yellow,16,
4,Norwich City,West Bromwich Albion,Ritchie de Laet,Dissent,Yellow,75,
4,Norwich City,West Bromwich Albion,Steven Reid,Reckless challenge,Yellow,90,5
4,Queens Park Rangers,Newcastle United,Shola Ameobi,Reckless challenge,Yellow,5,
4,Queens Park Rangers,Newcastle United,Shaun Derry,Reckless challenge,Yellow,36,
4,Queens Park Rangers,Newcastle United,Cheick Tioté,Reckless challenge,Yellow,64,
4,Queens Park Rangers,Newcastle United,Steven Taylor,Reckless challenge,Yellow,87,
4,Stoke City,Liverpool,Luis Suárez,Dissent,Yellow,90,1
4,Sunderland,Chelsea,Jack Colback,Reckless challenge,Yellow,23,
4,Sunderland,Chelsea,José Bosingwa,Reckless challenge,Yellow,90,2
4,Wolverhampton Wanderers,Tottenham Hotspur,Kyle Walker,Reckless challenge,Yellow,35,
4,Wolverhampton Wanderers,Tottenham Hotspur,Scott Parker,Reckless challenge,Yellow,70,
4,Wolverhampton Wanderers,Tottenham Hotspur,Richard Stearman,Reckless challenge,Yellow,78,
4,Wolverhampton Wanderers,Tottenham Hotspur,Adam Hammill,Reckless challenge,Yellow,79,
4,Wolverhampton Wanderers,Tottenham Hotspur,Roger Johnson,Reckless challenge,Yellow,83,
5,Aston Villa,Newcastle United,Leon Best,Dissent,Yellow,57,
5,Aston Villa,Newcastle United,James Collins,Reckless challenge,Yellow,63,
5,Blackburn Rovers,Arsenal,Johan Djourou,Reckless challenge,Yellow,57,
5,Blackburn Rovers,Arsenal,Scott Dann,Reckless challenge,Yellow,67,
5,Blackburn Rovers,Arsenal,Martin Olsson,Excessive celebration,Yellow,69,
5,Bolton Wanderers,Norwich City,Jussi Jääskeläinen,Unknown,Yellow,9,
5,Bolton Wanderers,Norwich City,Ivan Klasnić,Off-ball infraction,Red,45,1
5,Bolton Wanderers,Norwich City,Nigel Reo-Coker,Reckless challenge,Yellow,54,
5,Bolton Wanderers,Norwich City,Paul Robinson:1978-12-14,Reckless challenge,Yellow,80,
5,Bolton Wanderers,Norwich City,Grant Holt,Reckless challenge,Yellow,90,3
5,Everton,Wigan Athletic,Marouane Fellaini,Reckless challenge,Yellow,60,
5,Everton,Wigan Athletic,Gary Caldwell,Reckless challenge,Yellow,65,
5,Everton,Wigan Athletic,Apostolos Vellios,Reckless challenge,Yellow,88,
5,Fulham,Manchester City,Gareth Barry,Reckless challenge,Yellow,60,
5,Fulham,Manchester City,Steve Sidwell,Reckless challenge,Yellow,86,
5,Manchester United,Chelsea,Ramires,Reckless challenge,Yellow,49,
5,Manchester United,Chelsea,John Terry,Dissent,Yellow,56,
5,Manchester United,Chelsea,Ashley Cole,Reckless challenge,Yellow,78,
5,Manchester United,Chelsea,Antonio Valencia,Reckless challenge,Yellow,80,
5,Manchester United,Chelsea,Darren Fletcher,Reckless challenge,Yellow,85,
5,Sunderland,Stoke City,Sebastian Larsson,Reckless challenge,Yellow,53,
5,Sunderland,Stoke City,Robert Huth,Reckless challenge,Yellow,55,
5,Sunderland,Stoke City,Peter Crouch,Reckless challenge,Yellow,90,5
5,Swansea City,West Bromwich Albion,Leroy Lita,Excessive celebration,Yellow,24,
5,Swansea City,West Bromwich Albion,Chris Brunt,Reckless challenge,Yellow,58,
5,Swansea City,West Bromwich Albion,Peter Odemwingie,Reckless challenge,Yellow,78,
5,Tottenham Hotspur,Liverpool,Charlie Adam,Reckless challenge,Yellow,12,
5,Tottenham Hotspur,Liverpool,Emmanuel Adebayor,Reckless challenge,Yellow,24,
5,Tottenham Hotspur,Liverpool,Charlie Adam,Reckless challenge,Yellow/Red,28,
5,Tottenham Hotspur,Liverpool,Martin Škrtel,Reckless challenge,Yellow,36,
5,Tottenham Hotspur,Liverpool,Sebastián Coates,Reckless challenge,Yellow,40,
5,Tottenham Hotspur,Liverpool,Luis Suárez,Dissent,Yellow,45,5
5,Tottenham Hotspur,Liverpool,Martin Škrtel,Reckless challenge,Yellow/Red,63,
5,Wolverhampton Wanderers,Queens Park Rangers,Jay Bothroyd,Reckless challenge,Yellow,46,
5,Wolverhampton Wanderers,Queens Park Rangers,Alejandro Faurlín,Reckless challenge,Yellow,84,
5,Wolverhampton Wanderers,Queens Park Rangers,Adlène Guedioura,Reckless challenge,Yellow,85,
5,Wolverhampton Wanderers,Queens Park Rangers,Sam Vokes,Dissent,Yellow,90,1
5,Wolverhampton Wanderers,Queens Park Rangers,Anton Ferdinand,Dissent,Yellow,90,3
6,Arsenal,Bolton Wanderers,David Wheater,Professional foul,Red,55,
6,Arsenal,Bolton Wanderers,Grétar Steinsson,Dissent,Yellow,58,
6,Chelsea,Swansea City,Juan Mata,Reckless challenge,Yellow,33,
6,Chelsea,Swansea City,Fernando Torres,Reckless challenge,Red,39,
6,Chelsea,Swansea City,Nathan Dyer,Reckless challenge,Yellow,54,
6,Chelsea,Swansea City,Garry Monk,Reckless challenge,Yellow,76,
6,Chelsea,Swansea City,Ashley Cole,Reckless challenge,Yellow,86,
6,Chelsea,Swansea City,Neil Taylor,Reckless challenge,Yellow,89,
6,Chelsea,Swansea City,John Obi Mikel,Reckless challenge,Yellow,90,4
6,Liverpool,Wolverhampton Wanderers,Jamie O'Hara,Reckless challenge,Yellow,4,
6,Liverpool,Wolverhampton Wanderers,Karl Henry,Reckless challenge,Yellow,32,
6,Liverpool,Wolverhampton Wanderers,Lucas Leiva,Reckless challenge,Yellow,34,
6,Liverpool,Wolverhampton Wanderers,Stephen Ward,Reckless challenge,Yellow,39,
6,Liverpool,Wolverhampton Wanderers,Stephen Hunt,Reckless challenge,Yellow,42,
6,Liverpool,Wolverhampton Wanderers,Andy Carroll,Reckless challenge,Yellow,57,
6,Liverpool,Wolverhampton Wanderers,Martin Kelly,Reckless challenge,Yellow,67,
6,Manchester City,Everton,Jack Rodwell,Reckless challenge,Yellow,20,
6,Manchester City,Everton,Philip Neville,Reckless challenge,Yellow,25,
6,Manchester City,Everton,Leon Osman,Reckless challenge,Yellow,30,
6,Manchester City,Everton,Yaya Touré,Reckless challenge,Yellow,31,
6,Manchester City,Everton,Tim Cahill,Reckless challenge,Yellow,63,
6,Manchester City,Everton,Phil Jagielka,Reckless challenge,Yellow,87,
6,Newcastle United,Blackburn Rovers,Martin Olsson,Dissent,Yellow,54,
6,Newcastle United,Blackburn Rovers,Jason Lowe,Reckless challenge,Yellow,57,
6,Newcastle United,Blackburn Rovers,Steven N'Zonzi,Reckless challenge,Yellow,59,
6,Newcastle United,Blackburn Rovers,Martin Olsson,Reckless challenge,Yellow/Red,69,
6,Newcastle United,Blackburn Rovers,Míchel Salgado,Dissent,Yellow,90,5
6,Norwich City,Sunderland,John O'Shea,Reckless challenge,Yellow,89,
6,Norwich City,Sunderland,John Ruddy,Delaying restart,Yellow,90,2
6,Norwich City,Sunderland,Kyle Naughton,Delaying restart,Yellow,90,4
6,Queens Park Rangers,Aston Villa,Stephen Warnock,Reckless challenge,Yellow,40,
6,Queens Park Rangers,Aston Villa,Alan Hutton,Reckless challenge,Yellow,48,
6,Queens Park Rangers,Aston Villa,Armand Traoré,Reckless challenge,Yellow,57,
6,Queens Park Rangers,Aston Villa,James Collins,Reckless challenge,Yellow,64,
6,Queens Park Rangers,Aston Villa,Stiliyan Petrov,Reckless challenge,Yellow,70,
6,Queens Park Rangers,Aston Villa,Gabriel Agbonlahor,Reckless challenge,Yellow,77,
6,Queens Park Rangers,Aston Villa,Charles N'Zogbia,Reckless challenge,Yellow,83,
6,Queens Park Rangers,Aston Villa,Armand Traoré,Reckless challenge,Yellow/Red,90,
6,Stoke City,Manchester United,Glenn Whelan,Reckless challenge,Yellow,7,
6,West Bromwich Albion,Fulham,Brede Hangeland,Reckless challenge,Yellow,50,
6,West Bromwich Albion,Fulham,Zdeněk Grygera,Reckless challenge,Yellow,60,
6,West Bromwich Albion,Fulham,Chris Baird,Reckless challenge,Yellow,65,
6,Wigan Athletic,Tottenham Hotspur,Steve Gohouri,Reckless challenge,Yellow,26,
6,Wigan Athletic,Tottenham Hotspur,Steve Gohouri,Reckless challenge,Yellow/Red,63,
6,Wigan Athletic,Tottenham Hotspur,James McCarthy,Reckless challenge,Yellow,71,
6,Wigan Athletic,Tottenham Hotspur,Conor Sammon,Reckless challenge,Yellow,76,
6,Wigan Athletic,Tottenham Hotspur,Emmanuel Adebayor,Dissent,Yellow,90,3
7,Aston Villa,Wigan Athletic,Gary Caldwell,Reckless challenge,Yellow,19,
7,Blackburn Rovers,Manchester City,Gaël Givet,Reckless challenge,Yellow,59,
7,Blackburn Rovers,Manchester City,Pablo Zabaleta,Reckless challenge,Yellow,69,
7,Bolton Wanderers,Chelsea,David Ngog,Reckless challenge,Yellow,10,
7,Bolton Wanderers,Chelsea,David Luiz,Off-ball infraction,Yellow,61,
7,Bolton Wanderers,Chelsea,John Terry,Reckless challenge,Yellow,79,
7,Everton,Liverpool,Jack Rodwell,Serious foul play,Red,23,
7,Everton,Liverpool,Tim Cahill,Reckless challenge,Yellow,27,
7,Everton,Liverpool,Lucas Leiva,Reckless challenge,Yellow,50,
7,Fulham,Queens Park Rangers,Steve Sidwell,Reckless challenge,Yellow,5,
7,Fulham,Queens Park Rangers,Fitz Hall,Reckless challenge,Yellow,61,
7,Fulham,Queens Park Rangers,Alejandro Faurlín,Reckless challenge,Yellow,68,
7,Fulham,Queens Park Rangers,Brede Hangeland,Reckless challenge,Yellow,69,
7,Fulham,Queens Park Rangers,Shaun Wright-Phillips,Dissent,Yellow,83,
7,Manchester United,Norwich City,Danny Welbeck,Reckless challenge,Yellow,71,
7,Sunderland,West Bromwich Albion,Sebastian Larsson,Dissent,Yellow,19,
7,Sunderland,West Bromwich Albion,Lee Cattermole,Reckless challenge,Yellow,36,
7,Swansea City,Stoke City,Glenn Whelan,Reckless challenge,Yellow,19,
7,Swansea City,Stoke City,Andy Wilkinson,Reckless challenge,Yellow,40,
7,Swansea City,Stoke City,Peter Crouch,Reckless challenge,Yellow,45,
7,Swansea City,Stoke City,Mark Gower,Reckless challenge,Yellow,54,
7,Swansea City,Stoke City,Neil Taylor,Unknown,Yellow,59,
7,Swansea City,Stoke City,Wayne Routledge,Reckless challenge,Yellow,60,
7,Swansea City,Stoke City,Jermaine Pennant,Reckless challenge,Yellow,76,
7,Swansea City,Stoke City,Ryan Shotton,Reckless challenge,Yellow,88,
7,Tottenham Hotspur,Arsenal,Rafael van der Vaart,Reckless challenge,Yellow,27,
7,Tottenham Hotspur,Arsenal,Per Mertesacker,Reckless challenge,Yellow,32,
7,Tottenham Hotspur,Arsenal,Scott Parker,Reckless challenge,Yellow,75,
7,Wolverhampton Wanderers,Newcastle United,Karl Henry,Reckless challenge,Yellow,39,
7,Wolverhampton Wanderers,Newcastle United,Jonás Gutiérrez,Reckless challenge,Yellow,53,
7,Wolverhampton Wanderers,Newcastle United,Tim Krul,Delaying restart,Yellow,90,2
8,Arsenal,Sunderland,David Vaughan,Reckless challenge,Yellow,51,
8,Arsenal,Sunderland,Sebastian Larsson,Reckless challenge,Yellow,54,
8,Arsenal,Sunderland,Alexandre Song,Reckless challenge,Yellow,56,
8,Arsenal,Sunderland,Wes Brown,Reckless challenge,Yellow,60,
8,Arsenal,Sunderland,Laurent Koscielny,Reckless challenge,Yellow,62,
8,Arsenal,Sunderland,Robin van Persie,Excessive celebration,Yellow,83,
8,Chelsea,Everton,Marouane Fellaini,Reckless challenge,Yellow,16,
8,Chelsea,Everton,Ashley Cole,Reckless challenge,Yellow,38,
8,Chelsea,Everton,Leighton Baines,Reckless challenge,Yellow,41,
8,Chelsea,Everton,Daniel Sturridge,Unknown,Yellow,70,
8,Liverpool,Manchester United,Lucas Leiva,Reckless challenge,Yellow,27,
8,Liverpool,Manchester United,Ashley Young,Reckless challenge,Yellow,42,
8,Liverpool,Manchester United,Rio Ferdinand,Reckless challenge,Yellow,53,
8,Liverpool,Manchester United,Patrice Evra,Unknown,Yellow,64,
8,Manchester City,Aston Villa,Gareth Barry,Reckless challenge,Yellow,59,
8,Manchester City,Aston Villa,Barry Bannan,Reckless challenge,Yellow,80,
8,Newcastle United,Tottenham Hotspur,Scott Parker,Reckless challenge,Yellow,74,
8,Newcastle United,Tottenham Hotspur,Cheick Tioté,Reckless challenge,Yellow,78,
8,Newcastle United,Tottenham Hotspur,Luka Modrić,Reckless challenge,Yellow,90,1
8,Norwich City,Swansea City,Garry Monk,Holding,Yellow,4,
8,Queens Park Rangers,Blackburn Rovers,Fitz Hall,Reckless challenge,Yellow,23,
8,Queens Park Rangers,Blackburn Rovers,Steven N'Zonzi,Off-ball infraction,Yellow,52,
8,Queens Park Rangers,Blackburn Rovers,Shaun Wright-Phillips,Off-ball infraction,Yellow,62,
8,Queens Park Rangers,Blackburn Rovers,Armand Traoré,Reckless challenge,Yellow,64,
8,Queens Park Rangers,Blackburn Rovers,Jason Lowe,Reckless challenge,Yellow,77,
8,Stoke City,Fulham,Rory Delap,Reckless challenge,Yellow,56,
8,Stoke City,Fulham,Damien Duff,Dissent,Yellow,66,
8,Stoke City,Fulham,Jermaine Pennant,Reckless challenge,Yellow,70,
8,Stoke City,Fulham,Danny Murphy,Dissent,Yellow,76,
8,Stoke City,Fulham,Glenn Whelan,Reckless challenge,Yellow,76,
8,Stoke City,Fulham,Matthew Upson,Reckless challenge,Yellow,77,
8,Stoke City,Fulham,Bobby Zamora,Reckless challenge,Yellow,79,
8,Stoke City,Fulham,Chris Baird,Reckless challenge,Yellow,87,
8,West Bromwich Albion,Wolverhampton Wanderers,Christophe Berra,Reckless challenge,Yellow,25,
8,Wigan Athletic,Bolton Wanderers,Darren Pratley,Off-ball infraction,Yellow,23,
8,Wigan Athletic,Bolton Wanderers,Franco Di Santo,Off-ball infraction,Yellow,45,1
8,Wigan Athletic,Bolton Wanderers,Paul Robinson:1978-12-14,Off-ball infraction,Yellow,63,
8,Wigan Athletic,Bolton Wanderers,Dedryck Boyata,Reckless challenge,Yellow,67,
8,Wigan Athletic,Bolton Wanderers,Maynor Figueroa,Handball,Yellow,71,
8,Wigan Athletic,Bolton Wanderers,Gary Caldwell,Off-ball infraction,Yellow,73,
8,Wigan Athletic,Bolton Wanderers,Antolín Alcaraz,Reckless challenge,Yellow,79,
8,Wigan Athletic,Bolton Wanderers,Martin Petrov,Dissent,Yellow,82,
9,Arsenal,Stoke City,Dean Whitehead,Reckless challenge,Yellow,31,
9,Arsenal,Stoke City,Andy Wilkinson,Reckless challenge,Yellow,55,
9,Aston Villa,West Bromwich Albion,Alan Hutton,Reckless challenge,Yellow,16,
9,Aston Villa,West Bromwich Albion,Billy Jones,Reckless challenge,Yellow,20,
9,Aston Villa,West Bromwich Albion,Chris Herd,Reckless challenge,Red,35,
9,Aston Villa,West Bromwich Albion,Paul Scharner,Excessive celebration,Yellow,57,
9,Aston Villa,West Bromwich Albion,Shay Given,Unknown,Yellow,66,
9,Aston Villa,West Bromwich Albion,Youssouf Mulumbu,Reckless challenge,Yellow,67,
9,Blackburn Rovers,Tottenham Hotspur,Steven N'Zonzi,Reckless challenge,Yellow,55,
9,Blackburn Rovers,Tottenham Hotspur,Jason Lowe,Reckless challenge,Yellow,63,
9,Blackburn Rovers,Tottenham Hotspur,Danny Rose,Reckless challenge,Yellow,75,
9,Blackburn Rovers,Tottenham Hotspur,Jason Roberts,Dissent,Yellow,80,
9,Blackburn Rovers,Tottenham Hotspur,Yakubu,Reckless challenge,Yellow,90,
9,Bolton Wanderers,Sunderland,Michael Turner,Reckless challenge,Yellow,12,
9,Bolton Wanderers,Sunderland,Stéphane Sessègnon,Reckless challenge,Yellow,20,
9,Bolton Wanderers,Sunderland,Jack Colback,Reckless challenge,Yellow,67,
9,Fulham,Everton,Sylvain Distin,Reckless challenge,Yellow,49,
9,Fulham,Everton,Andrew Johnson,Reckless challenge,Yellow,54,
9,Fulham,Everton,Steve Sidwell,Reckless challenge,Yellow,72,
9,Fulham,Everton,Chris Baird,Reckless challenge,Yellow,90,2
9,Liverpool,Norwich City,Marc Tierney,Reckless challenge,Yellow,34,
9,Manchester United,Manchester City,Mario Balotelli,Excessive celebration,Yellow,22,
9,Manchester United,Manchester City,Vincent Kompany,Reckless challenge,Yellow,41,
9,Manchester United,Manchester City,Jonny Evans,Professional foul,Red,47,
9,Manchester United,Manchester City,Anderson,Reckless challenge,Yellow,62,
9,Manchester United,Manchester City,Patrice Evra,Reckless challenge,Yellow,67,
9,Manchester United,Manchester City,Chris Smalling,Reckless challenge,Yellow,79,
9,Manchester United,Manchester City,Danny Welbeck,Reckless challenge,Yellow,83,
9,Manchester United,Manchester City,Micah Richards,Reckless challenge,Yellow,86,
9,Newcastle United,Wigan Athletic,Yohan Cabaye,Reckless challenge,Yellow,22,
9,Newcastle United,Wigan Athletic,David Jones,Reckless challenge,Yellow,25,
9,Newcastle United,Wigan Athletic,Leon Best,Reckless challenge,Yellow,44,
9,Newcastle United,Wigan Athletic,Danny Simpson,Reckless challenge,Yellow,62,
9,Newcastle United,Wigan Athletic,Maynor Figueroa,Reckless challenge,Yellow,90,4
9,Queens Park Rangers,Chelsea,José Bosingwa,Professional foul,Red,33,
9,Queens Park Rangers,Chelsea,Didier Drogba,Serious foul play,Red,41,
9,Queens Park Rangers,Chelsea,John Obi Mikel,Reckless challenge,Yellow,50,
9,Queens Park Rangers,Chelsea,Frank Lampard,Off-ball infraction,Yellow,52,
9,Queens Park Rangers,Chelsea,Shaun Derry,Reckless challenge,Yellow,52,
9,Queens Park Rangers,Chelsea,Branislav Ivanović,Reckless challenge,Yellow,58,
9,Queens Park Rangers,Chelsea,Joey Barton,Off-ball infraction,Yellow,59,
9,Queens Park Rangers,Chelsea,David Luiz,Off-ball infraction,Yellow,70,
9,Queens Park Rangers,Chelsea,Raul Meireles,Off-ball infraction,Yellow,72,
9,Queens Park Rangers,Chelsea,Ashley Cole,Reckless challenge,Yellow,76,
9,Queens Park Rangers,Chelsea,John Terry,Unknown,Yellow,90,
9,Wolverhampton Wanderers,Swansea City,Richard Stearman,Reckless challenge,Yellow,47,
9,Wolverhampton Wanderers,Swansea City,Jamie O'Hara,Reckless challenge,Yellow,65,
10,Chelsea,Arsenal,Wojciech Szczęsny,Reckless challenge,Yellow,50,
10,Chelsea,Arsenal,Robin van Persie,Off-ball infraction,Yellow,78,
10,Chelsea,Arsenal,Branislav Ivanović,Off-ball infraction,Yellow,79,
10,Chelsea,Arsenal,Alexandre Song,Reckless challenge,Yellow,90,1
10,Chelsea,Arsenal,Raul Meireles,Dissent,Yellow,90,2
10,Everton,Manchester United,Jack Rodwell,Reckless challenge,Yellow,26,
10,Everton,Manchester United,Séamus Coleman,Reckless challenge,Yellow,66,
10,Everton,Manchester United,Marouane Fellaini,Reckless challenge,Yellow,90,5
10,Manchester City,Wolverhampton Wanderers,Gareth Barry,Reckless challenge,Yellow,20,
10,Manchester City,Wolverhampton Wanderers,Kevin Doyle,Reckless challenge,Yellow,51,
10,Manchester City,Wolverhampton Wanderers,Edin Džeko,Reckless challenge,Yellow,62,
10,Manchester City,Wolverhampton Wanderers,Vincent Kompany,Professional foul,Red,74,
10,Norwich City,Blackburn Rovers,Elliott Bennett,Reckless challenge,Yellow,24,
10,Norwich City,Blackburn Rovers,Leon Barnett,Reckless challenge,Yellow,64,
10,Norwich City,Blackburn Rovers,Jason Lowe,Delaying restart,Yellow,79,
10,Stoke City,Newcastle United,James Perch,Reckless challenge,Yellow,78,
10,Sunderland,Aston Villa,Phillip Bardsley,Reckless challenge,Yellow,67,
10,Sunderland,Aston Villa,Gabriel Agbonlahor,Reckless challenge,Yellow,74,
10,Sunderland,Aston Villa,Stephen Warnock,Reckless challenge,Yellow,87,
10,Sunderland,Aston Villa,Richard Dunne,Reckless challenge,Yellow,88,
10,Swansea City,Bolton Wanderers,Darren Pratley,Reckless challenge,Yellow,42,
10,Swansea City,Bolton Wanderers,Ricardo Gardner,Reckless challenge,Yellow,45,
10,Swansea City,Bolton Wanderers,Ricardo Gardner,Reckless challenge,Yellow/Red,48,
10,Swansea City,Bolton Wanderers,Leon Britton,Reckless challenge,Yellow,50,
10,Swansea City,Bolton Wanderers,Paul Robinson:1978-12-14,Reckless challenge,Yellow,59,
10,Swansea City,Bolton Wanderers,Mark Davies,Reckless challenge,Yellow,70,
10,Swansea City,Bolton Wanderers,Àngel Rangel,Reckless challenge,Yellow,82,
10,Swansea City,Bolton Wanderers,Mark Gower,Reckless challenge,Yellow,90,
10,West Bromwich Albion,Liverpool,Jonas Olsson,Reckless challenge,Yellow,35,
10,Wigan Athletic,Fulham,Zdeněk Grygera,Reckless challenge,Yellow,2,
10,Wigan Athletic,Fulham,Moussa Dembélé,Reckless challenge,Yellow,51,
10,Wigan Athletic,Fulham,Brede Hangeland,Reckless challenge,Yellow,59,
10,Wigan Athletic,Fulham,Gary Caldwell,Reckless challenge,Yellow,75,
10,Wigan Athletic,Fulham,Dickson Etuhu,Reckless challenge,Yellow,80,
10,Wigan Athletic,Fulham,Damien Duff,Reckless challenge,Yellow,90,1
10,Wigan Athletic,Fulham,Antolín Alcaraz,Reckless challenge,Yellow,90,
11,Aston Villa,Norwich City,Wes Hoolahan,Dissent,Yellow,33,
11,Aston Villa,Norwich City,Charles N'Zogbia,Reckless challenge,Yellow,34,
11,Aston Villa,Norwich City,Andrew Crofts,Reckless challenge,Yellow,45,1
11,Aston Villa,Norwich City,Leon Barnett,Reckless challenge,Yellow,45,2
11,Aston Villa,Norwich City,Anthony Pilkington,Dissent,Yellow,75,
11,Aston Villa,Norwich City,Grant Holt,Reckless challenge,Yellow,90,1
11,Blackburn Rovers,Chelsea,Jason Lowe,Reckless challenge,Yellow,55,
11,Blackburn Rovers,Chelsea,Grant Hanley,Reckless challenge,Yellow,70,
11,Blackburn Rovers,Chelsea,Gaël Givet,Dissent,Yellow,76,
11,Blackburn Rovers,Chelsea,Daniel Sturridge,Dissent,Yellow,76,
11,Blackburn Rovers,Chelsea,Morten Gamst Pedersen,Reckless challenge,Yellow,79,
11,Blackburn Rovers,Chelsea,Raul Meireles,Reckless challenge,Yellow,89,
11,Bolton Wanderers,Stoke City,Jonathan Walters,Reckless challenge,Yellow,76,
11,Fulham,Tottenham Hotspur,Younes Kaboul,Handball,Yellow,69,
11,Liverpool,Swansea City,Charlie Adam,Reckless challenge,Yellow,13,
11,Liverpool,Swansea City,Neil Taylor,Reckless challenge,Yellow,56,
11,Liverpool,Swansea City,Daniel Agger,Reckless challenge,Yellow,67,
11,Liverpool,Swansea City,Ashley Williams,Reckless challenge,Yellow,82,
11,Manchester United,Sunderland,Sebastian Larsson,Reckless challenge,Yellow,41,
11,Manchester United,Sunderland,Ji Dong-Won,Reckless challenge,Yellow,45,3
11,Newcastle United,Everton,Johnny Heitinga,Reckless challenge,Yellow,51,
11,Newcastle United,Everton,Leighton Baines,Reckless challenge,Yellow,65,
11,Newcastle United,Everton,Danny Guthrie,Reckless challenge,Yellow,79,
11,Newcastle United,Everton,Ryan Taylor,Handball,Yellow,81,
11,Newcastle United,Everton,Royston Drenthe,Reckless challenge,Yellow,83,
11,Queens Park Rangers,Manchester City,Mario Balotelli,Simulation,Yellow,78,
11,Queens Park Rangers,Manchester City,Joey Barton,Reckless challenge,Yellow,81,
11,Wolverhampton Wanderers,Wigan Athletic,Antolín Alcaraz,Reckless challenge,Yellow,26,
11,Wolverhampton Wanderers,Wigan Athletic,Stephen Hunt,Reckless challenge,Yellow,79,
11,Wolverhampton Wanderers,Wigan Athletic,Jamie O'Hara,Reckless challenge,Yellow,80,
12,Chelsea,Liverpool,Lucas Leiva,Reckless challenge,Yellow,29,
12,Chelsea,Liverpool,David Luiz,Reckless challenge,Yellow,41,
12,Chelsea,Liverpool,Ramires,Reckless challenge,Yellow,62,
12,Chelsea,Liverpool,Dirk Kuyt,Reckless challenge,Yellow,64,
12,Chelsea,Liverpool,Branislav Ivanović,Reckless challenge,Yellow,79,
12,Everton,Wolverhampton Wanderers,Karl Henry,Unknown,Yellow,71,
12,Everton,Wolverhampton Wanderers,Stephen Hunt,Dissent,Yellow,72,
12,Everton,Wolverhampton Wanderers,Jamie O'Hara,Dissent,Yellow,84,
12,Everton,Wolverhampton Wanderers,Leighton Baines,Reckless challenge,Yellow,90,1
12,Norwich City,Arsenal,Elliott Bennett,Reckless challenge,Yellow,66,
12,Norwich City,Arsenal,Marc Tierney,Reckless challenge,Yellow,81,
12,Norwich City,Arsenal,Grant Holt,Simulation,Yellow,86,
12,Stoke City,Queens Park Rangers,Andy Wilkinson,Reckless challenge,Yellow,29,
12,Stoke City,Queens Park Rangers,Ryan Shawcross,Reckless challenge,Yellow,43,
12,Stoke City,Queens Park Rangers,Joey Barton,Handball,Yellow,45,1
12,Stoke City,Queens Park Rangers,Rory Delap,Off-ball infraction,Yellow,84,
12,Stoke City,Queens Park Rangers,Ricardo Fuller,Unknown,Yellow,86,
12,Stoke City,Queens Park Rangers,Heiðar Helguson,Off-ball infraction,Yellow,90,
12,Sunderland,Fulham,Lee Cattermole,Reckless challenge,Yellow,28,
12,Sunderland,Fulham,Dickson Etuhu,Reckless challenge,Yellow,36,
12,Swansea City,Manchester United,Patrice Evra,Reckless challenge,Yellow,47,
12,Tottenham Hotspur,Aston Villa,Chris Herd,Reckless challenge,Yellow,44,
12,Tottenham Hotspur,Aston Villa,Stiliyan Petrov,Reckless challenge,Yellow,85,
12,West Bromwich Albion,Bolton Wanderers,Jerome Thomas,Reckless challenge,Yellow,28,
12,Wigan Athletic,Blackburn Rovers,Rubén Rochina,Reckless challenge,Yellow,12,
12,Wigan Athletic,Blackburn Rovers,David Dunn,Off-ball infraction,Yellow,15,
12,Wigan Athletic,Blackburn Rovers,David Dunn,Reckless challenge,Yellow/Red,48,
12,Wigan Athletic,Blackburn Rovers,Jordi Gómez,Reckless challenge,Yellow,54,
12,Wigan Athletic,Blackburn Rovers,Steven N'Zonzi,Reckless challenge,Yellow,69,
12,Wigan Athletic,Blackburn Rovers,Ronnie Stam,Unknown,Yellow,70,
13,Arsenal,Fulham,Bobby Zamora,Dissent,Yellow,28,
13,Arsenal,Fulham,André Santos,Reckless challenge,Yellow,28,
13,Arsenal,Fulham,Dickson Etuhu,Reckless challenge,Yellow,45,1
13,Arsenal,Fulham,Philippe Senderos,Reckless challenge,Yellow,77,
13,Bolton Wanderers,Everton,David Wheater,Serious foul play,Red,19,
13,Bolton Wanderers,Everton,Leon Osman,Off-ball infraction,Yellow,43,
13,Bolton Wanderers,Everton,Nigel Reo-Coker,Unknown,Yellow,58,
13,Chelsea,Wolverhampton Wanderers,David Edwards,Reckless challenge,Yellow,17,
13,Chelsea,Wolverhampton Wanderers,Karl Henry,Reckless challenge,Yellow,35,
13,Chelsea,Wolverhampton Wanderers,John Terry,Delaying restart,Yellow,90,
13,Liverpool,Manchester City,Vincent Kompany,Reckless challenge,Yellow,13,
13,Liverpool,Manchester City,Gareth Barry,Reckless challenge,Yellow,32,
13,Liverpool,Manchester City,Mario Balotelli,Reckless challenge,Yellow,77,
13,Liverpool,Manchester City,Mario Balotelli,Reckless challenge,Yellow/Red,83,
13,Liverpool,Manchester City,James Milner,Reckless challenge,Yellow,86,
13,Liverpool,Manchester City,Andy Carroll,Reckless challenge,Yellow,90,
13,Manchester United,Newcastle United,Hatem Ben Arfa,Dissent,Yellow,27,
13,Manchester United,Newcastle United,Yohan Cabaye,Dissent,Yellow,52,
13,Manchester United,Newcastle United,Fábio,Reckless challenge,Yellow,54,
13,Manchester United,Newcastle United,Jonás Gutiérrez,Reckless challenge,Yellow,65,
13,Manchester United,Newcastle United,Danny Guthrie,Reckless challenge,Yellow,67,
13,Manchester United,Newcastle United,Jonás Gutiérrez,Reckless challenge,Yellow/Red,79,
13,Norwich City,Queens Park Rangers,Kyle Naughton,Reckless challenge,Yellow,87,
13,Sunderland,Wigan Athletic,John O'Shea,Reckless challenge,Yellow,61,
13,Sunderland,Wigan Athletic,Michael Turner,Off-ball infraction,Yellow,71,
13,Sunderland,Wigan Athletic,Jack Colback,Off-ball infraction,Yellow,74,
13,Sunderland,Wigan Athletic,Mohamed Diamé,Off-ball infraction,Yellow,84,
13,Swansea City,Aston Villa,Fabian Delph,Reckless challenge,Yellow,3,
13,Swansea City,Aston Villa,Scott Sinclair,Reckless challenge,Yellow,8,
13,Swansea City,Aston Villa,Alan Hutton,Reckless challenge,Yellow,14,
13,Swansea City,Aston Villa,Richard Dunne,Reckless challenge,Yellow,37,
13,Swansea City,Aston Villa,Jazz Richards,Reckless challenge,Yellow,42,
13,Swansea City,Aston Villa,Garry Monk,Reckless challenge,Yellow,67,
13,Swansea City,Aston Villa,James Collins,Reckless challenge,Yellow,90,3
13,West Bromwich Albion,Tottenham Hotspur,Sandro,Reckless challenge,Yellow,21,
13,West Bromwich Albion,Tottenham Hotspur,Youssouf Mulumbu,Off-ball infraction,Yellow,40,
13,West Bromwich Albion,Tottenham Hotspur,Chris Brunt,Reckless challenge,Yellow,68,
14,Blackburn Rovers,Swansea City,Junior Hoilett,Unknown,Yellow,44,
14,Blackburn Rovers,Swansea City,Joe Allen,Off-ball infraction,Yellow,59,
14,Blackburn Rovers,Swansea City,Joe Allen,Reckless challenge,Yellow/Red,80,
14,Everton,Stoke City,Marc Wilson,Reckless challenge,Yellow,48,
14,Fulham,Liverpool,Moussa Dembélé,Reckless challenge,Yellow,45,
14,Fulham,Liverpool,Clint Dempsey,Off-ball infraction,Yellow,49,
14,Fulham,Liverpool,Craig Bellamy,Off-ball infraction,Yellow,49,
14,Fulham,Liverpool,Philippe Senderos,Reckless challenge,Yellow,59,
14,Fulham,Liverpool,Jay Spearing,Serious foul play,Red,72,
14,Manchester City,Norwich City,Andrew Surman,Reckless challenge,Yellow,24,
14,Newcastle United,Chelsea,David Luiz,Reckless challenge,Yellow,4,
14,Newcastle United,Chelsea,Daniel Sturridge,Unknown,Yellow,85,
14,Newcastle United,Chelsea,Danny Simpson,Dissent,Yellow,86,
14,Newcastle United,Chelsea,Ryan Taylor,Reckless challenge,Yellow,90,4
14,Newcastle United,Chelsea,John Terry,Unknown,Yellow,90,4
14,Queens Park Rangers,West Bromwich Albion,Shane Long,Off-ball infraction,Yellow,31,
14,Queens Park Rangers,West Bromwich Albion,Jerome Thomas,Off-ball infraction,Yellow,44,
14,Queens Park Rangers,West Bromwich Albion,Steven Reid,Off-ball infraction,Yellow,54,
14,Tottenham Hotspur,Bolton Wanderers,Gary Cahill,Professional foul,Red,18,
14,Tottenham Hotspur,Bolton Wanderers,Paul Robinson:1978-12-14,Off-ball infraction,Yellow,44,
14,Tottenham Hotspur,Bolton Wanderers,Dedryck Boyata,Reckless challenge,Yellow,59,
14,Wigan Athletic,Arsenal,Gary Caldwell,Reckless challenge,Yellow,52,
14,Wigan Athletic,Arsenal,Alexandre Song,Off-ball infraction,Yellow,57,
14,Wigan Athletic,Arsenal,Steve Gohouri,Reckless challenge,Yellow,73,
14,Wigan Athletic,Arsenal,Francis Coquelin,Reckless challenge,Yellow,85,
14,Wigan Athletic,Arsenal,Mohamed Diamé,Off-ball infraction,Yellow,88,
14,Wolverhampton Wanderers,Sunderland,Lee Cattermole,Reckless challenge,Yellow,41,
14,Wolverhampton Wanderers,Sunderland,Kieran Richardson,Unknown,Yellow,53,
14,Wolverhampton Wanderers,Sunderland,Ronald Zubar,Reckless challenge,Yellow,61,
14,Wolverhampton Wanderers,Sunderland,Nicklas Bendtner,Reckless challenge,Yellow,86,
14,Wolverhampton Wanderers,Sunderland,Sylvain Ebanks-Blake,Reckless challenge,Yellow,90,5
15,Arsenal,Everton,Mikel Arteta,Reckless challenge,Yellow,15,
15,Arsenal,Everton,Séamus Coleman,Reckless challenge,Yellow,24,
15,Arsenal,Everton,Aaron Ramsey,Off-ball infraction,Yellow,37,
15,Arsenal,Everton,Sylvain Distin,Reckless challenge,Yellow,82,
15,Bolton Wanderers,Aston Villa,Mark Davies,Reckless challenge,Yellow,27,
15,Bolton Wanderers,Aston Villa,Gabriel Agbonlahor,Reckless challenge,Yellow,90,1
15,Bolton Wanderers,Aston Villa,Marc Albrighton,Reckless challenge,Yellow,90,3
15,Chelsea,Manchester City,Raul Meireles,Reckless challenge,Yellow,36,
15,Chelsea,Manchester City,Vincent Kompany,Reckless challenge,Yellow,41,
15,Chelsea,Manchester City,Gaël Clichy,Reckless challenge,Yellow,47,
15,Chelsea,Manchester City,Gaël Clichy,Reckless challenge,Yellow/Red,58,
15,Chelsea,Manchester City,Oriol Romeu,Reckless challenge,Yellow,64,
15,Chelsea,Manchester City,Ramires,Reckless challenge,Yellow,75,
15,Chelsea,Manchester City,Didier Drogba,Reckless challenge,Yellow,78,
15,Liverpool,Queens Park Rangers,Daniel Agger,Reckless challenge,Yellow,22,
15,Liverpool,Queens Park Rangers,Craig Bellamy,Dissent,Yellow,85,
15,Manchester United,Wolverhampton Wanderers,Rio Ferdinand,Reckless challenge,Yellow,90,1
15,Norwich City,Newcastle United,Andrew Crofts,Reckless challenge,Yellow,15,
15,Norwich City,Newcastle United,David Fox,Reckless challenge,Yellow,34,
15,Norwich City,Newcastle United,Shola Ameobi,Dissent,Yellow,40,
15,Norwich City,Newcastle United,Wes Hoolahan,Dissent,Yellow,55,
15,Norwich City,Newcastle United,Dan Gosling,Reckless challenge,Yellow,56,
15,Norwich City,Newcastle United,Dan Gosling,Serious foul play,Red,65,
15,Stoke City,Tottenham Hotspur,Jonathan Woodgate,Reckless challenge,Yellow,29,
15,Stoke City,Tottenham Hotspur,Younes Kaboul,Unknown,Yellow,66,
15,Stoke City,Tottenham Hotspur,Marc Wilson,Delaying restart,Yellow,81,
15,Stoke City,Tottenham Hotspur,Younes Kaboul,Reckless challenge,Yellow/Red,81,
15,Stoke City,Tottenham Hotspur,Scott Parker,Reckless challenge,Yellow,90,1
15,Sunderland,Blackburn Rovers,John O'Shea,Reckless challenge,Yellow,38,
15,Sunderland,Blackburn Rovers,Míchel Salgado,Reckless challenge,Yellow,45,
15,Sunderland,Blackburn Rovers,Stéphane Sessègnon,Reckless challenge,Yellow,61,
15,Sunderland,Blackburn Rovers,Christopher Samba,Dissent,Yellow,90,5
15,Swansea City,Fulham,Philippe Senderos,Reckless challenge,Yellow,82,
15,Swansea City,Fulham,Michel Vorm,Delaying restart,Yellow,86,
15,West Bromwich Albion,Wigan Athletic,Jordi Gómez,Dissent,Yellow,21,
15,West Bromwich Albion,Wigan Athletic,Graham Dorrans,Unknown,Yellow,88,
16,Aston Villa,Liverpool,Charles N'Zogbia,Reckless challenge,Yellow,12,
16,Aston Villa,Liverpool,Charlie Adam,Reckless challenge,Yellow,28,
16,Aston Villa,Liverpool,Craig Bellamy,Reckless challenge,Yellow,30,
16,Blackburn Rovers,West Bromwich Albion,Paul Scharner,Reckless challenge,Yellow,37,
16,Blackburn Rovers,West Bromwich Albion,Morten Gamst Pedersen,Reckless challenge,Yellow,77,
16,Everton,Norwich City,Kyle Naughton,Reckless challenge,Yellow,4,
16,Everton,Norwich City,Philip Neville,Reckless challenge,Yellow,77,
16,Fulham,Bolton Wanderers,Nigel Reo-Coker,Reckless challenge,Yellow,26,
16,Fulham,Bolton Wanderers,Fabrice Muamba,Reckless challenge,Yellow,43,
16,Fulham,Bolton Wanderers,Grétar Steinsson,Reckless challenge,Yellow,63,
16,Fulham,Bolton Wanderers,Danny Murphy,Reckless challenge,Yellow,80,
16,Manchester City,Arsenal,Alexandre Song,Unknown,Yellow,11,
16,Manchester City,Arsenal,Gareth Barry,Reckless challenge,Yellow,38,
16,Manchester City,Arsenal,Laurent Koscielny,Reckless challenge,Yellow,44,
16,Manchester City,Arsenal,Sergio Agüero,Reckless challenge,Yellow,71,
16,Manchester City,Arsenal,Mikel Arteta,Reckless challenge,Yellow,73,
16,Newcastle United,Swansea City,Yohan Cabaye,Reckless challenge,Yellow,62,
16,Newcastle United,Swansea City,Jazz Richards,Dissent,Yellow,84,
16,Queens Park Rangers,Manchester United,Rio Ferdinand,Unknown,Yellow,18,
16,Queens Park Rangers,Manchester United,Daniel Gabbidon,Unknown,Yellow,25,
16,Queens Park Rangers,Manchester United,Phil Jones,Reckless challenge,Yellow,61,
16,Tottenham Hotspur,Sunderland,Benoît Assou-Ekotto,Reckless challenge,Yellow,49,
16,Tottenham Hotspur,Sunderland,Kieran Richardson,Reckless challenge,Yellow,50,
16,Tottenham Hotspur,Sunderland,David Vaughan,Reckless challenge,Yellow,66,
16,Wolverhampton Wanderers,Stoke City,Jonathan Woodgate,Reckless challenge,Yellow,9,
16,Wolverhampton Wanderers,Stoke City,Nenad Milijaš,Reckless challenge,Yellow,50,
16,Wolverhampton Wanderers,Stoke City,Ryan Shawcross,Reckless challenge,Yellow,51,
16,Wolverhampton Wanderers,Stoke City,Dean Whitehead,Reckless challenge,Yellow,63,
16,Wolverhampton Wanderers,Stoke City,Christophe Berra,Reckless challenge,Yellow,67,
17,Aston Villa,Arsenal,Francis Coquelin,Reckless challenge,Yellow,27,
17,Aston Villa,Arsenal,Ciaran Clark,Off-ball infraction,Yellow,38,
17,Aston Villa,Arsenal,Per Mertesacker,Reckless challenge,Yellow,45,
17,Aston Villa,Arsenal,Robin van Persie,Off-ball infraction,Yellow,78,
17,Aston Villa,Arsenal,Alan Hutton,Reckless challenge,Yellow,90,2
17,Aston Villa,Arsenal,Alan Hutton,Reckless challenge,Yellow/Red,90,3
17,Blackburn Rovers,Bolton Wanderers,Mauro Formica,Reckless challenge,Yellow,9,
17,Blackburn Rovers,Bolton Wanderers,Jason Lowe,Reckless challenge,Yellow,12,
17,Blackburn Rovers,Bolton Wanderers,David Dunn,Reckless challenge,Yellow,86,
17,Everton,Swansea City,Ashley Williams,Handball,Yellow,41,
17,Everton,Swansea City,Wayne Routledge,Reckless challenge,Yellow,69,
17,Everton,Swansea City,Magaye Gueye,Reckless challenge,Yellow,76,
17,Fulham,Manchester United,Chris Baird,Reckless challenge,Yellow,63,
17,Manchester City,Stoke City,Micah Richards,Reckless challenge,Yellow,23,
17,Manchester City,Stoke City,Ricardo Fuller,Reckless challenge,Yellow,71,
17,Manchester City,Stoke City,Adam Johnson,Reckless challenge,Yellow,84,
17,Newcastle United,West Bromwich Albion,Fabricio Coloccini,Reckless challenge,Yellow,90,
17,Queens Park Rangers,Sunderland,Stéphane Sessègnon,Reckless challenge,Yellow,68,
17,Queens Park Rangers,Sunderland,Luke Young,Reckless challenge,Yellow,80,
17,Queens Park Rangers,Sunderland,Lee Cattermole,Reckless challenge,Yellow,85,
17,Queens Park Rangers,Sunderland,Alejandro Faurlín,Reckless challenge,Yellow,90,
17,Tottenham Hotspur,Chelsea,Branislav Ivanović,Reckless challenge,Yellow,12,
17,Tottenham Hotspur,Chelsea,Emmanuel Adebayor,Reckless challenge,Yellow,19,
17,Tottenham Hotspur,Chelsea,Ramires,Reckless challenge,Yellow,43,
17,Tottenham Hotspur,Chelsea,Gareth Bale,Reckless challenge,Yellow,70,
17,Wigan Athletic,Liverpool,Gary Caldwell,Reckless challenge,Yellow,66,
17,Wigan Athletic,Liverpool,Glen Johnson,Reckless challenge,Yellow,78,
17,Wigan Athletic,Liverpool,Craig Bellamy,Dissent,Yellow,90,1
17,Wolverhampton Wanderers,Norwich City,Ronald Zubar,Reckless challenge,Yellow,29,
17,Wolverhampton Wanderers,Norwich City,Stephen Hunt,Unknown,Yellow,32,
17,Wolverhampton Wanderers,Norwich City,Kyle Naughton,Reckless challenge,Yellow,38,
17,Wolverhampton Wanderers,Norwich City,Russell Martin,Unknown,Yellow,72,
18,Arsenal,Wolverhampton Wanderers,Roger Johnson,Reckless challenge,Yellow,32,
18,Arsenal,Wolverhampton Wanderers,Thomas Vermaelen,Dissent,Yellow,57,
18,Arsenal,Wolverhampton Wanderers,Alexandre Song,Reckless challenge,Yellow,69,
18,Arsenal,Wolverhampton Wanderers,Adlène Guedioura,Reckless challenge,Yellow,73,
18,Arsenal,Wolverhampton Wanderers,Nenad Milijaš,Serious foul play,Red,75,
18,Arsenal,Wolverhampton Wanderers,Wayne Hennessey,Delaying restart,Yellow,90,2
18,Bolton Wanderers,Newcastle United,Ivan Klasnić,Reckless challenge,Yellow,33,
18,Bolton Wanderers,Newcastle United,Cheick Tioté,Reckless challenge,Yellow,36,
18,Chelsea,Fulham,Clint Dempsey,Reckless challenge,Yellow,7,
18,Chelsea,Fulham,José Bosingwa,Reckless challenge,Yellow,68,
18,Liverpool,Blackburn Rovers,Daniel Agger,Simulation,Yellow,72,
18,Manchester United,Wigan Athletic,David Jones,Reckless challenge,Yellow,22,
18,Manchester United,Wigan Athletic,Jonny Evans,Reckless challenge,Yellow,24,
18,Manchester United,Wigan Athletic,Conor Sammon,Violent conduct,Red,39,
18,Manchester United,Wigan Athletic,Ryan Giggs,Reckless challenge,Yellow,62,
18,Norwich City,Tottenham Hotspur,William Gallas,Reckless challenge,Yellow,52,
18,Norwich City,Tottenham Hotspur,Zak Whitbread,Reckless challenge,Yellow,69,
18,Stoke City,Aston Villa,Robert Huth,Reckless challenge,Yellow,23,
18,Stoke City,Aston Villa,Rory Delap,Off-ball infraction,Yellow,56,
18,Stoke City,Aston Villa,Dean Whitehead,Off-ball infraction,Yellow,78,
18,Sunderland,Everton,Johnny Heitinga,Reckless challenge,Yellow,72,
18,Swansea City,Queens Park Rangers,Clint Hill,Reckless challenge,Yellow,35,
18,Swansea City,Queens Park Rangers,Jazz Richards,Reckless challenge,Yellow,42,
18,Swansea City,Queens Park Rangers,Joey Barton,Reckless challenge,Yellow,65,
18,Swansea City,Queens Park Rangers,Adel Taarabt,Delaying restart,Yellow,90,1
18,West Bromwich Albion,Manchester City,Yaya Touré,Reckless challenge,Yellow,69,
19,Arsenal,Queens Park Rangers,Joey Barton,Reckless challenge,Yellow,27,
19,Arsenal,Queens Park Rangers,Thomas Vermaelen,Off-ball infraction,Yellow,37,
19,Arsenal,Queens Park Rangers,Johan Djourou,Reckless challenge,Yellow,40,
19,Arsenal,Queens Park Rangers,Luke Young,Serious foul play,Yellow,54,
19,Chelsea,Aston Villa,John Terry,Reckless challenge,Yellow,32,
19,Chelsea,Aston Villa,Carlos Cuéllar,Reckless challenge,Yellow,67,
19,Liverpool,Newcastle United,Jonás Gutiérrez,Reckless challenge,Yellow,28,
19,Liverpool,Newcastle United,Ryan Taylor,Reckless challenge,Yellow,36,
19,Manchester United,Blackburn Rovers,Nani,Reckless challenge,Yellow,11,
19,Manchester United,Blackburn Rovers,Michael Carrick,Reckless challenge,Yellow,23,
19,Manchester United,Blackburn Rovers,Jason Lowe,Reckless challenge,Yellow,47,
19,Manchester United,Blackburn Rovers,Radosav Petrović,Persistent infringement,Yellow,56,
19,Stoke City,Wigan Athletic,Victor Moses,Off-ball infraction,Yellow,29,
19,Stoke City,Wigan Athletic,Ronnie Stam,Dissent,Yellow,41,
19,Stoke City,Wigan Athletic,Rory Delap,Reckless challenge,Yellow,49,
19,Stoke City,Wigan Athletic,Gary Caldwell,Handball,Red,75,
19,Stoke City,Wigan Athletic,Hugo Rodallega,Dissent,Yellow,77,
19,Stoke City,Wigan Athletic,Ryan Shotton,Reckless challenge,Yellow,85,
19,Sunderland,Manchester City,Nigel de Jong,Reckless challenge,Yellow,8,
19,Sunderland,Manchester City,Sebastian Larsson,Reckless challenge,Yellow,66,
19,Swansea City,Tottenham Hotspur,Jazz Richards,Reckless challenge,Yellow,15,
19,Swansea City,Tottenham Hotspur,Gareth Bale,Simulation,Yellow,42,
19,Swansea City,Tottenham Hotspur,Jake Livermore,Reckless challenge,Yellow,88,
19,West Bromwich Albion,Everton,Leighton Baines,Reckless challenge,Yellow,85,
19,West Bromwich Albion,Everton,Denis Stracqualursi,Reckless challenge,Yellow,90,3
20,Aston Villa,Swansea City,Steven Caulker,Reckless challenge,Yellow,18,
20,Aston Villa,Swansea City,Kemy Agustien,Reckless challenge,Yellow,34,
20,Aston Villa,Swansea City,James Collins,Reckless challenge,Yellow,40,
20,Aston Villa,Swansea City,Andrea Orlandi,Reckless challenge,Yellow,58,
20,Aston Villa,Swansea City,Richard Dunne,Off-ball infraction,Yellow,59,
20,Aston Villa,Swansea City,Michel Vorm,Delaying restart,Yellow,90,1
20,Blackburn Rovers,Stoke City,Robert Huth,Reckless challenge,Yellow,31,
20,Blackburn Rovers,Stoke City,Grant Hanley,Reckless challenge,Yellow,55,
20,Blackburn Rovers,Stoke City,Rubén Rochina,Reckless challenge,Yellow,81,
20,Everton,Bolton Wanderers,David Ngog,Reckless challenge,Yellow,12,
20,Everton,Bolton Wanderers,Nigel Reo-Coker,Reckless challenge,Yellow,20,
20,Everton,Bolton Wanderers,Sylvain Distin,Reckless challenge,Yellow,77,
20,Everton,Bolton Wanderers,Gary Cahill,Reckless challenge,Yellow,90,2
20,Fulham,Arsenal,Johan Djourou,Reckless challenge,Yellow,63,
20,Fulham,Arsenal,Johan Djourou,Persistent infringement,Yellow/Red,78,
20,Manchester City,Liverpool,Gareth Barry,Reckless challenge,Yellow,45,
20,Manchester City,Liverpool,Glen Johnson,Reckless challenge,Yellow,56,
20,Manchester City,Liverpool,Gareth Barry,Reckless challenge,Yellow/Red,73,
20,Newcastle United,Manchester United,Phil Jones,Reckless challenge,Yellow,46,
20,Newcastle United,Manchester United,Antonio Valencia,Reckless challenge,Yellow,61,
20,Newcastle United,Manchester United,Cheick Tioté,Reckless challenge,Yellow,81,
20,Queens Park Rangers,Norwich City,Joey Barton,Off-ball infraction,Red,36,
20,Queens Park Rangers,Norwich City,Heiðar Helguson,Reckless challenge,Yellow,45,1
20,Queens Park Rangers,Norwich City,Daniel Ayala,Reckless challenge,Yellow,53,
20,Queens Park Rangers,Norwich City,Shaun Wright-Phillips,Reckless challenge,Yellow,66,
20,Tottenham Hotspur,West Bromwich Albion,Jerome Thomas,Reckless challenge,Yellow,23,
20,Tottenham Hotspur,West Bromwich Albion,Billy Jones,Reckless challenge,Yellow,47,
20,Tottenham Hotspur,West Bromwich Albion,Graham Dorrans,Reckless challenge,Yellow,52,
20,Tottenham Hotspur,West Bromwich Albion,Paul Scharner,Reckless challenge,Yellow,89,
20,Tottenham Hotspur,West Bromwich Albion,Simon Cox,Reckless challenge,Yellow,90,3
20,Wigan Athletic,Sunderland,Ronnie Stam,Unknown,Yellow,45,6
20,Wolverhampton Wanderers,Chelsea,Frank Lampard,Reckless challenge,Yellow,25,
20,Wolverhampton Wanderers,Chelsea,Adam Hammill,Reckless challenge,Yellow,26,
20,Wolverhampton Wanderers,Chelsea,Karl Henry,Reckless challenge,Yellow,27,
20,Wolverhampton Wanderers,Chelsea,Kevin Doyle,Off-ball infraction,Yellow,31,
20,Wolverhampton Wanderers,Chelsea,Oriol Romeu,Reckless challenge,Yellow,33,
21,Aston Villa,Everton,Marouane Fellaini,Reckless challenge,Yellow,35,
21,Aston Villa,Everton,Marc Albrighton,Reckless challenge,Yellow,89,
21,Blackburn Rovers,Fulham,Yakubu,Serious foul play,Red,23,
21,Blackburn Rovers,Fulham,Morten Gamst Pedersen,Reckless challenge,Yellow,75,
21,Blackburn Rovers,Fulham,Philippe Senderos,Reckless challenge,Yellow,86,
21,Chelsea,Sunderland,David Luiz,Reckless challenge,Yellow,9,
21,Chelsea,Sunderland,Lee Cattermole,Reckless challenge,Yellow,59,
21,Chelsea,Sunderland,Fernando Torres,Simulation,Yellow,66,
21,Chelsea,Sunderland,Raul Meireles,Reckless challenge,Yellow,73,
21,Liverpool,Stoke City,Ryan Shawcross,Reckless challenge,Yellow,29,
21,Liverpool,Stoke City,Thomas Sørensen,Delaying restart,Yellow,83,
21,Liverpool,Stoke City,Jonathan Walters,Reckless challenge,Yellow,90,3
21,Manchester United,Bolton Wanderers,Zat Knight,Reckless challenge,Yellow,21,
21,Newcastle United,Queens Park Rangers,Shaun Derry,Reckless challenge,Yellow,20,
21,Newcastle United,Queens Park Rangers,Clint Hill,Reckless challenge,Yellow,33,
21,Newcastle United,Queens Park Rangers,Jay Bothroyd,Reckless challenge,Yellow,39,
21,Newcastle United,Queens Park Rangers,Federico Macheda,Reckless challenge,Yellow,83,
21,Tottenham Hotspur,Wolverhampton Wanderers,Emmanuel Frimpong,Reckless challenge,Yellow,30,
21,Tottenham Hotspur,Wolverhampton Wanderers,Benoît Assou-Ekotto,Reckless challenge,Yellow,69,
21,Tottenham Hotspur,Wolverhampton Wanderers,Karl Henry,Reckless challenge,Yellow,84,
21,Tottenham Hotspur,Wolverhampton Wanderers,Roger Johnson,Unknown,Yellow,90,
21,West Bromwich Albion,Norwich City,Daniel Ayala,Reckless challenge,Yellow,67,
21,Wigan Athletic,Manchester City,James McArthur,Reckless challenge,Yellow,61,
21,Wigan Athletic,Manchester City,Pablo Zabaleta,Off-ball infraction,Yellow,79,
21,Wigan Athletic,Manchester City,James McCarthy,Reckless challenge,Yellow,79,
21,Wigan Athletic,Manchester City,Nigel de Jong,Reckless challenge,Yellow,80,
21,Wigan Athletic,Manchester City,Maynor Figueroa,Handball,Yellow,88,
21,Wigan Athletic,Manchester City,James Milner,Off-ball infraction,Yellow,89,
22,Arsenal,Manchester United,Aaron Ramsey,Reckless challenge,Yellow,43,
22,Arsenal,Manchester United,Rafael,Off-ball infraction,Yellow,44,
22,Arsenal,Manchester United,Laurent Koscielny,Reckless challenge,Yellow,73,
22,Arsenal,Manchester United,Robin van Persie,Dissent,Yellow,85,
22,Arsenal,Manchester United,Tomáš Rosický,Reckless challenge,Yellow,86,
22,Arsenal,Manchester United,Alexandre Song,Reckless challenge,Yellow,90,6
22,Arsenal,Manchester United,Patrice Evra,Reckless challenge,Yellow,90,
22,Bolton Wanderers,Liverpool,José Enrique,Reckless challenge,Yellow,63,
22,Bolton Wanderers,Liverpool,Dirk Kuyt,Reckless challenge,Yellow,90,2
22,Everton,Blackburn Rovers,Radosav Petrović,Reckless challenge,Yellow,42,
22,Everton,Blackburn Rovers,Darron Gibson,Reckless challenge,Yellow,71,
22,Everton,Blackburn Rovers,Junior Hoilett,Reckless challenge,Yellow,76,
22,Everton,Blackburn Rovers,Royston Drenthe,Reckless challenge,Yellow,83,
22,Fulham,Newcastle United,Davide Santon,Reckless challenge,Yellow,45,1
22,Fulham,Newcastle United,Danny Guthrie,Reckless challenge,Yellow,62,
22,Fulham,Newcastle United,Danny Simpson,Dissent,Yellow,63,
22,Fulham,Newcastle United,Tim Krul,Reckless challenge,Yellow,68,
22,Manchester City,Tottenham Hotspur,Gaël Clichy,Off-ball infraction,Yellow,10,
22,Manchester City,Tottenham Hotspur,Scott Parker,Reckless challenge,Yellow,52,
22,Manchester City,Tottenham Hotspur,Mario Balotelli,Reckless challenge,Yellow,79,
22,Queens Park Rangers,Wigan Athletic,James McCarthy,Handball,Yellow,32,
22,Queens Park Rangers,Wigan Athletic,Steve Gohouri,Reckless challenge,Yellow,44,
22,Queens Park Rangers,Wigan Athletic,Joey Barton,Reckless challenge,Yellow,70,
22,Queens Park Rangers,Wigan Athletic,Luke Young,Reckless challenge,Yellow,85,
22,Wolverhampton Wanderers,Aston Villa,Karl Henry,Reckless challenge,Red,74,
22,Wolverhampton Wanderers,Aston Villa,Michael Kightly,Reckless challenge,Yellow,86,
23,Aston Villa,Queens Park Rangers,Luke Young,Reckless challenge,Yellow,50,
23,Blackburn Rovers,Newcastle United,Ryan Taylor,Dissent,Yellow,30,
23,Blackburn Rovers,Newcastle United,Jason Lowe,Reckless challenge,Yellow,56,
23,Blackburn Rovers,Newcastle United,Michael Williamson,Reckless challenge,Yellow,68,
23,Bolton Wanderers,Arsenal,Thomas Vermaelen,Reckless challenge,Yellow,38,
23,Bolton Wanderers,Arsenal,Grétar Steinsson,Reckless challenge,Yellow,39,
23,Everton,Manchester City,Vincent Kompany,Reckless challenge,Yellow,34,
23,Everton,Manchester City,Joleon Lescott,Reckless challenge,Yellow,59,
23,Everton,Manchester City,Royston Drenthe,Reckless challenge,Yellow,77,
23,Fulham,West Bromwich Albion,Danny Murphy,Reckless challenge,Yellow,51,
23,Manchester United,Stoke City,Andy Wilkinson,Dissent,Yellow,37,
23,Manchester United,Stoke City,Paul Scholes,Reckless challenge,Yellow,43,
23,Manchester United,Stoke City,Jonathan Walters,Reckless challenge,Yellow,52,
23,Manchester United,Stoke City,Robert Huth,Reckless challenge,Yellow,81,
23,Sunderland,Norwich City,Craig Gardner,Reckless challenge,Yellow,19,
23,Sunderland,Norwich City,Kyle Naughton,Reckless challenge,Yellow,90,
23,Swansea City,Chelsea,Neil Taylor,Reckless challenge,Yellow,14,
23,Swansea City,Chelsea,Florent Malouda,Reckless challenge,Yellow,45,1
23,Swansea City,Chelsea,Ashley Cole,Reckless challenge,Yellow,45,
23,Swansea City,Chelsea,Àngel Rangel,Reckless challenge,Yellow,48,
23,Swansea City,Chelsea,Ashley Cole,Reckless challenge,Yellow/Red,86,
23,Swansea City,Chelsea,Raul Meireles,Reckless challenge,Yellow,87,
23,Tottenham Hotspur,Wigan Athletic,Albert Crusat,Reckless challenge,Yellow,90,4
23,Wolverhampton Wanderers,Liverpool,Charlie Adam,Reckless challenge,Yellow,13,
23,Wolverhampton Wanderers,Liverpool,Craig Bellamy,Reckless challenge,Yellow,26,
23,Wolverhampton Wanderers,Liverpool,Daniel Agger,Reckless challenge,Yellow,71,
23,Wolverhampton Wanderers,Liverpool,David Edwards,Reckless challenge,Yellow,72,
24,Arsenal,Blackburn Rovers,Anthony Modeste,Reckless challenge,Yellow,15,
24,Arsenal,Blackburn Rovers,Steven N'Zonzi,Reckless challenge,Yellow,25,
24,Arsenal,Blackburn Rovers,Laurent Koscielny,Reckless challenge,Yellow,31,
24,Arsenal,Blackburn Rovers,Martin Olsson,Off-ball infraction,Yellow,40,
24,Arsenal,Blackburn Rovers,Gaël Givet,Serious foul play,Red,43,
24,Arsenal,Blackburn Rovers,Thomas Vermaelen,Reckless challenge,Yellow,85,
24,Chelsea,Manchester United,Fernando Torres,Reckless challenge,Yellow,31,
24,Chelsea,Manchester United,Branislav Ivanović,Reckless challenge,Yellow,45,
24,Chelsea,Manchester United,Patrice Evra,Reckless challenge,Yellow,50,
24,Liverpool,Tottenham Hotspur,Scott Parker,Reckless challenge,Yellow,39,
24,Liverpool,Tottenham Hotspur,Gareth Bale,Dissent,Yellow,54,
24,Liverpool,Tottenham Hotspur,Luis Suárez,Reckless challenge,Yellow,70,
24,Liverpool,Tottenham Hotspur,Martin Škrtel,Reckless challenge,Yellow,76,
24,Manchester City,Fulham,Philippe Senderos,Reckless challenge,Yellow,66,
24,Manchester City,Fulham,Moussa Dembélé,Off-ball infraction,Yellow,75,
24,Manchester City,Fulham,Aleksandar Kolarov,Reckless challenge,Yellow,75,
24,Manchester City,Fulham,Chris Baird,Serious foul play,Yellow,85,
24,Newcastle United,Aston Villa,Danny Simpson,Reckless challenge,Yellow,38,
24,Newcastle United,Aston Villa,Richard Dunne,Reckless challenge,Yellow,39,
24,Newcastle United,Aston Villa,Darren Bent,Reckless challenge,Yellow,68,
24,Queens Park Rangers,Wolverhampton Wanderers,Djibril Cissé,Off-ball infraction,Red,34,
24,Queens Park Rangers,Wolverhampton Wanderers,Roger Johnson,Off-ball infraction,Yellow,34,
24,Queens Park Rangers,Wolverhampton Wanderers,Jamie O'Hara,Serious foul play,Yellow,38,
24,Queens Park Rangers,Wolverhampton Wanderers,Sébastien Bassong,Serious foul play,Yellow,45,
24,Stoke City,Sunderland,Robert Huth,Reckless challenge,Red,45,
24,Stoke City,Sunderland,John O'Shea,Reckless challenge,Yellow,52,
24,West Bromwich Albion,Swansea City,Leon Britton,Reckless challenge,Yellow,43,
24,West Bromwich Albion,Swansea City,James Morrison,Reckless challenge,Yellow,79,
24,West Bromwich Albion,Swansea City,Nicky Shorey,Dissent,Yellow,90,
24,Wigan Athletic,Everton,James McArthur,Reckless challenge,Yellow,56,
24,Wigan Athletic,Everton,Maynor Figueroa,Reckless challenge,Yellow,88,
25,Aston Villa,Manchester City,Stiliyan Petrov,Reckless challenge,Yellow,62,
25,Aston Villa,Manchester City,Richard Dunne,Reckless challenge,Yellow,68,
25,Aston Villa,Manchester City,Charles N'Zogbia,Reckless challenge,Yellow,88,
25,Blackburn Rovers,Queens Park Rangers,Jason Lowe,Reckless challenge,Yellow,62,
25,Blackburn Rovers,Queens Park Rangers,Jamie Mackie,Dissent,Yellow,81,
25,Bolton Wanderers,Wigan Athletic,Franco Di Santo,Off-ball infraction,Yellow,26,
25,Bolton Wanderers,Wigan Athletic,Nigel Reo-Coker,Reckless challenge,Yellow,45,1
25,Bolton Wanderers,Wigan Athletic,Kevin Davies,Reckless challenge,Yellow,57,
25,Bolton Wanderers,Wigan Athletic,James McCarthy,Reckless challenge,Yellow,64,
25,Bolton Wanderers,Wigan Athletic,Grétar Steinsson,Reckless challenge,Yellow,90,4
25,Everton,Chelsea,Raul Meireles,Reckless challenge,Yellow,42,
25,Everton,Chelsea,José Bosingwa,Reckless challenge,Yellow,52,
25,Everton,Chelsea,Fernando Torres,Reckless challenge,Yellow,59,
25,Fulham,Stoke City,Marc Wilson,Reckless challenge,Yellow,40,
25,Fulham,Stoke City,Wilson Palacios,Reckless challenge,Yellow,44,
25,Fulham,Stoke City,Brede Hangeland,Reckless challenge,Yellow,79,
25,Manchester United,Liverpool,Stewart Downing,Reckless challenge,Yellow,44,
25,Manchester United,Liverpool,Michael Carrick,Reckless challenge,Yellow,80,
25,Sunderland,Arsenal,Kieran Richardson,Reckless challenge,Yellow,18,
25,Sunderland,Arsenal,Fraizer Campbell,Reckless challenge,Yellow,44,
25,Sunderland,Arsenal,Tomáš Rosický,Delaying restart,Yellow,77,
25,Swansea City,Norwich City,Adam Drury,Reckless challenge,Yellow,43,
25,Swansea City,Norwich City,Grant Holt,Excessive celebration,Yellow,64,
25,Tottenham Hotspur,Newcastle United,Scott Parker,Reckless challenge,Yellow,24,
25,Tottenham Hotspur,Newcastle United,Kyle Walker,Reckless challenge,Yellow,39,
25,Tottenham Hotspur,Newcastle United,Dan Gosling,Reckless challenge,Yellow,71,
25,Wolverhampton Wanderers,West Bromwich Albion,Jamie O'Hara,Reckless challenge,Yellow,27,
26,Arsenal,Tottenham Hotspur,Luka Modrić,Dissent,Yellow,29,
26,Arsenal,Tottenham Hotspur,Scott Parker,Reckless challenge,Yellow,30,
26,Arsenal,Tottenham Hotspur,Laurent Koscielny,Reckless challenge,Yellow,31,
26,Arsenal,Tottenham Hotspur,Mikel Arteta,Reckless challenge,Yellow,42,
26,Arsenal,Tottenham Hotspur,Sandro,Reckless challenge,Yellow,61,
26,Arsenal,Tottenham Hotspur,Robin van Persie,Off-ball infraction,Yellow,78,
26,Arsenal,Tottenham Hotspur,Scott Parker,Reckless challenge,Yellow/Red,87,
26,Chelsea,Bolton Wanderers,Darren Pratley,Simulation,Yellow,42,
26,Liverpool,Everton,Steven Pienaar,Reckless challenge,Yellow,56,
26,Liverpool,Everton,Leighton Baines,Reckless challenge,Yellow,78,
26,Liverpool,Everton,Royston Drenthe,Reckless challenge,Yellow,84,
26,Liverpool,Everton,José Enrique,Off-ball infraction,Yellow,90,1
26,Liverpool,Everton,Tony Hibbert,Off-ball infraction,Yellow,90,1
26,Manchester City,Blackburn Rovers,Grant Hanley,Reckless challenge,Yellow,23,
26,Manchester City,Blackburn Rovers,Bradley Orr,Reckless challenge,Yellow,52,
26,Newcastle United,Wolverhampton Wanderers,Shola Ameobi,Reckless challenge,Yellow,89,
26,Newcastle United,Wolverhampton Wanderers,Christophe Berra,Reckless challenge,Yellow,90,2
26,Norwich City,Manchester United,Bradley Johnson,Reckless challenge,Yellow,10,
26,Norwich City,Manchester United,Jonny Evans,Reckless challenge,Yellow,48,
26,Norwich City,Manchester United,Rio Ferdinand,Delaying restart,Yellow,90,2
26,Queens Park Rangers,Fulham,Pavel Pogrebnyak,Excessive celebration,Yellow,7,
26,Queens Park Rangers,Fulham,Samba Diakité,Reckless challenge,Yellow,20,
26,Queens Park Rangers,Fulham,Samba Diakité,Persistent infringement,Yellow/Red,33,
26,Queens Park Rangers,Fulham,Moussa Dembélé,Reckless challenge,Yellow,65,
26,Queens Park Rangers,Fulham,John Arne Riise,Reckless challenge,Yellow,69,
26,Queens Park Rangers,Fulham,Chris Baird,Reckless challenge,Yellow,84,
26,Stoke City,Swansea City,Ryan Shawcross,Reckless challenge,Yellow,27,
26,West Bromwich Albion,Sunderland,John O'Shea,Reckless challenge,Yellow,73,
26,West Bromwich Albion,Sunderland,Graham Dorrans,Reckless challenge,Yellow,74,
26,Wigan Athletic,Aston Villa,Marc Albrighton,Reckless challenge,Yellow,29,
26,Wigan Athletic,Aston Villa,James Collins,Reckless challenge,Yellow,36,
26,Wigan Athletic,Aston Villa,Gabriel Agbonlahor,Reckless challenge,Yellow,49,
26,Wigan Athletic,Aston Villa,Carlos Cuéllar,Reckless challenge,Yellow,65,
27,Blackburn Rovers,Aston Villa,Morten Gamst Pedersen,Reckless challenge,Yellow,66,
27,Fulham,Wolverhampton Wanderers,Ronald Zubar,Reckless challenge,Yellow,7,
27,Fulham,Wolverhampton Wanderers,Brede Hangeland,Reckless challenge,Yellow,22,
27,Fulham,Wolverhampton Wanderers,Christophe Berra,Reckless challenge,Yellow,73,
27,Liverpool,Arsenal,Thomas Vermaelen,Reckless challenge,Yellow,64,
27,Newcastle United,Sunderland,Lee Cattermole,Reckless challenge,Yellow,1,
27,Newcastle United,Sunderland,Yohan Cabaye,Reckless challenge,Yellow,13,
27,Newcastle United,Sunderland,Danny Simpson,Off-ball infraction,Yellow,19,
27,Newcastle United,Sunderland,James McClean,Reckless challenge,Yellow,19,
27,Newcastle United,Sunderland,Demba Ba,Reckless challenge,Yellow,23,
27,Newcastle United,Sunderland,Michael Williamson,Reckless challenge,Yellow,24,
27,Newcastle United,Sunderland,Craig Gardner,Reckless challenge,Yellow,51,
27,Newcastle United,Sunderland,Stéphane Sessègnon,Violent conduct,Red,58,
27,Newcastle United,Sunderland,Cheick Tioté,Persistent infringement,Yellow,67,
27,Newcastle United,Sunderland,Lee Cattermole,Offensive/abusive language or gestures,Red,90,6
27,Queens Park Rangers,Everton,Royston Drenthe,Serious foul play,Yellow,35,
27,Queens Park Rangers,Everton,Steven Pienaar,Dissent,Yellow,37,
27,Queens Park Rangers,Everton,Shaun Derry,Reckless challenge,Yellow,90,4
27,Stoke City,Norwich City,Jonathan Howson,Reckless challenge,Yellow,21,
27,Stoke City,Norwich City,Elliott Bennett,Off-ball infraction,Yellow,90,3
27,Tottenham Hotspur,Manchester United,Phil Jones,Reckless challenge,Yellow,28,
27,Tottenham Hotspur,Manchester United,Sandro,Reckless challenge,Yellow,44,
27,Tottenham Hotspur,Manchester United,Jonny Evans,Reckless challenge,Yellow,88,
27,West Bromwich Albion,Chelsea,Liam Ridgewell,Reckless challenge,Yellow,66,
27,West Bromwich Albion,Chelsea,Keith Andrews,Reckless challenge,Yellow,80,
27,West Bromwich Albion,Chelsea,Ashley Cole,Reckless challenge,Yellow,85,
27,West Bromwich Albion,Chelsea,Chris Brunt,Reckless challenge,Yellow,90,4
27,Wigan Athletic,Swansea City,Jordi Gómez,Reckless challenge,Yellow,57,
27,Wigan Athletic,Swansea City,Nathan Dyer,Serious foul play,Red,60,
27,Wigan Athletic,Swansea City,Àngel Rangel,Reckless challenge,Yellow,64,
27,Wigan Athletic,Swansea City,Mohamed Diamé,Off-ball infraction,Yellow,70,
27,Wigan Athletic,Swansea City,Ashley Williams,Off-ball infraction,Yellow,70,
28,Arsenal,Newcastle United,Cheick Tioté,Reckless challenge,Yellow,63,
28,Arsenal,Newcastle United,Laurent Koscielny,Reckless challenge,Yellow,77,
28,Arsenal,Newcastle United,Jonás Gutiérrez,Reckless challenge,Yellow,86,
28,Arsenal,Newcastle United,Robin van Persie,Off-ball infraction,Yellow,90,7
28,Arsenal,Newcastle United,Tim Krul,Off-ball infraction,Yellow,90,7
28,Aston Villa,Fulham,Stiliyan Petrov,Reckless challenge,Yellow,66,
28,Aston Villa,Fulham,Chris Herd,Reckless challenge,Yellow,73,
28,Bolton Wanderers,Queens Park Rangers,Darren Pratley,Reckless challenge,Yellow,23,
28,Bolton Wanderers,Queens Park Rangers,David Wheater,Reckless challenge,Yellow,30,
28,Bolton Wanderers,Queens Park Rangers,Nedum Onuoha,Reckless challenge,Yellow,61,
28,Bolton Wanderers,Queens Park Rangers,Samba Diakité,Reckless challenge,Yellow,83,
28,Chelsea,Stoke City,Salif Diao,Reckless challenge,Yellow,14,
28,Chelsea,Stoke City,John Obi Mikel,Off-ball infraction,Yellow,19,
28,Chelsea,Stoke City,Ricardo Fuller,Violent conduct,Red,25,
28,Chelsea,Stoke City,Marc Wilson,Reckless challenge,Yellow,38,
28,Everton,Tottenham Hotspur,Benoît Assou-Ekotto,Reckless challenge,Yellow,60,
28,Everton,Tottenham Hotspur,Jermain Defoe,Off-ball infraction,Yellow,61,
28,Everton,Tottenham Hotspur,Johnny Heitinga,Reckless challenge,Yellow,80,
28,Everton,Tottenham Hotspur,Tim Howard,Delaying restart,Yellow,90,5
28,Manchester United,West Bromwich Albion,Jonas Olsson,Reckless challenge,Yellow ,49,
28,Manchester United,West Bromwich Albion,Jonas Olsson,Reckless challenge,Yellow/Red,66,
28,Norwich City,Wigan Athletic,Grant Holt,Reckless challenge,Yellow,43,
28,Norwich City,Wigan Athletic,Wes Hoolahan,Reckless challenge,Yellow,55,
28,Norwich City,Wigan Athletic,Zak Whitbread,Reckless challenge,Yellow,61,
28,Norwich City,Wigan Athletic,Adam Drury,Reckless challenge,Yellow,72,
28,Norwich City,Wigan Athletic,James McCarthy,Reckless challenge,Yellow,79,
28,Norwich City,Wigan Athletic,Antolín Alcaraz,Reckless challenge,Yellow,81,
28,Norwich City,Wigan Athletic,Victor Moses,Reckless challenge,Yellow,90,3
28,Norwich City,Wigan Athletic,James McArthur,Reckless challenge,Yellow,90,5
28,Sunderland,Liverpool,James McClean,Reckless challenge,Yellow,42,
28,Sunderland,Liverpool,Martin Škrtel,Reckless challenge,Yellow,81,
28,Swansea City,Manchester City,Nigel de Jong,Reckless challenge,Yellow,18,
28,Swansea City,Manchester City,Mario Balotelli,Reckless challenge,Yellow,76,
28,Wolverhampton Wanderers,Blackburn Rovers,Morten Gamst Pedersen,Reckless challenge,Yellow,30,
28,Wolverhampton Wanderers,Blackburn Rovers,Grant Hanley,Reckless challenge,Yellow,60,
28,Wolverhampton Wanderers,Blackburn Rovers,Steven Fletcher,Reckless challenge,Yellow,65,
29,Aston Villa,Bolton Wanderers,Sam Ricketts,Reckless challenge,Yellow,35,
29,Aston Villa,Bolton Wanderers,Tim Ream,Reckless challenge,Yellow,73,
29,Aston Villa,Bolton Wanderers,Eric Lichaj,Dissent,Yellow,90,1
29,Blackburn Rovers,Sunderland,Fraizer Campbell,Reckless challenge,Yellow,27,
29,Everton,Arsenal,Bacary Sagna,Reckless challenge,Yellow,39,
29,Everton,Arsenal,Tim Cahill,Reckless challenge,Yellow,52,
29,Everton,Arsenal,Steven Pienaar,Reckless challenge,Yellow,61,
29,Manchester City,Chelsea,Juan Mata,Reckless challenge,Yellow,44,
29,Manchester City,Chelsea,Frank Lampard,Reckless challenge,Yellow,58,
29,Manchester City,Chelsea,Samir Nasri,Excessive celebration,Yellow,86,
29,Newcastle United,Norwich City,Elliott Bennett,Reckless challenge,Yellow,62,
29,Newcastle United,Norwich City,Zak Whitbread,Reckless challenge,Yellow,78,
29,Newcastle United,Norwich City,Kyle Naughton,Reckless challenge,Yellow,90,3
29,Tottenham Hotspur,Stoke City,Wilson Palacios,Reckless challenge,Yellow,44,
29,Tottenham Hotspur,Stoke City,Rafael van der Vaart,Delaying restart,Yellow,81,
29,Wigan Athletic,West Bromwich Albion,Paul Scharner,Reckless challenge,Yellow,60,
29,Wigan Athletic,West Bromwich Albion,Chris Brunt,Reckless challenge,Yellow,62,
29,Wigan Athletic,West Bromwich Albion,Youssouf Mulumbu,Off-ball infraction,Yellow,69,
29,Wigan Athletic,West Bromwich Albion,Emmerson Boyce,Off-ball infraction,Yellow,70,
29,Wigan Athletic,West Bromwich Albion,Jerome Thomas,Off-ball infraction,Yellow,70,
29,Wigan Athletic,West Bromwich Albion,Callum McManaman,Reckless challenge,Yellow,84,
29,Wolverhampton Wanderers,Manchester United,Ronald Zubar,Reckless challenge,Yellow,28,
29,Wolverhampton Wanderers,Manchester United,Ronald Zubar,Reckless challenge,Yellow/Red,39,
29,Wolverhampton Wanderers,Manchester United,Danny Welbeck,Reckless challenge,Yellow,67,
30,Arsenal,Aston Villa,Stiliyan Petrov,Reckless challenge,Yellow,15,
30,Arsenal,Aston Villa,Stephen Warnock,Reckless challenge,Yellow,52,
30,Arsenal,Aston Villa,Stephen Ireland,Reckless challenge,Yellow,70,
30,Arsenal,Aston Villa,James Collins,Reckless challenge,Yellow,89,
30,Arsenal,Aston Villa,Eric Lichaj,Reckless challenge,Yellow,90,2
30,Bolton Wanderers,Blackburn Rovers,Jason Lowe,Reckless challenge,Yellow,90,1
30,Bolton Wanderers,Blackburn Rovers,Marcus Olsson,Unknown,Yellow,90,4
30,Chelsea,Tottenham Hotspur,Michael Essien,Reckless challenge,Yellow,50,
30,Chelsea,Tottenham Hotspur,Benoît Assou-Ekotto,Reckless challenge,Yellow,65,
30,Chelsea,Tottenham Hotspur,Sandro,Reckless challenge,Yellow,66,
30,Liverpool,Wigan Athletic,Franco Di Santo,Reckless challenge,Yellow,43,
30,Liverpool,Wigan Athletic,Maynor Figueroa,Reckless challenge,Yellow,53,
30,Liverpool,Wigan Athletic,Luis Suárez,Handball,Yellow,54,
30,Manchester United,Fulham,Ryan Giggs,Reckless challenge,Yellow,34,
30,Norwich City,Wolverhampton Wanderers,Eggert Gunnþór Jónsson,Handball,Yellow,45,
30,Norwich City,Wolverhampton Wanderers,Grant Holt,Serious foul play,Yellow,63,
30,Norwich City,Wolverhampton Wanderers,Roger Johnson,Serious foul play,Yellow,63,
30,Norwich City,Wolverhampton Wanderers,Grant Holt,Dissent,Yellow/Red,85,
30,Norwich City,Wolverhampton Wanderers,Zak Whitbread,Reckless challenge,Yellow,90,
30,Stoke City,Manchester City,Gareth Barry,Reckless challenge,Yellow,38,
30,Stoke City,Manchester City,Marc Wilson,Reckless challenge,Yellow,65,
30,Stoke City,Manchester City,Yaya Touré,Dissent,Yellow,90,5
30,Sunderland,Queens Park Rangers,Samba Diakité,Dissent,Yellow,11,
30,Sunderland,Queens Park Rangers,Luke Young,Reckless challenge,Yellow,20,
30,Sunderland,Queens Park Rangers,Sotirios Kyrgiakos,Off-ball infraction,Yellow,34,
30,Sunderland,Queens Park Rangers,Bobby Zamora,Off-ball infraction,Yellow,34,
30,Sunderland,Queens Park Rangers,Wayne Bridge,Reckless challenge,Yellow,45,3
30,Sunderland,Queens Park Rangers,Djibril Cissé,Serious foul play,Red,55,
30,Swansea City,Everton,Joe Allen,Reckless challenge,Yellow,45,1
30,Swansea City,Everton,Darron Gibson,Reckless challenge,Yellow,73,
30,Swansea City,Everton,Steven Pienaar,Unknown,Yellow,83,
30,West Bromwich Albion,Newcastle United,Michael Williamson,Reckless challenge,Yellow,69,
31,Aston Villa,Chelsea,Stephen Warnock,Reckless challenge,Yellow,58,
31,Blackburn Rovers,Manchester United,Antonio Valencia,Reckless challenge,Yellow,40,
31,Blackburn Rovers,Manchester United,Grant Hanley,Dissent,Yellow,54,
31,Everton,West Bromwich Albion,Nikica Jelavić,Reckless challenge,Yellow,55,
31,Everton,West Bromwich Albion,Tim Cahill,Reckless challenge,Yellow,60,
31,Everton,West Bromwich Albion,Jonas Olsson,Reckless challenge,Yellow,65,
31,Fulham,Norwich City,Elliott Ward,Reckless challenge,Yellow,26,
31,Fulham,Norwich City,David Fox,Reckless challenge,Yellow,54,
31,Fulham,Norwich City,Dickson Etuhu,Reckless challenge,Yellow,88,
31,Manchester City,Sunderland,Craig Gardner,Dissent,Yellow,40,
31,Manchester City,Sunderland,Nigel de Jong,Reckless challenge,Yellow,56,
31,Newcastle United,Liverpool,Andy Carroll,Simulation,Yellow,10,
31,Newcastle United,Liverpool,Jonjo Shelvey,Reckless challenge,Yellow,17,
31,Newcastle United,Liverpool,Papiss Demba Cissé,Dead ball encroachment,Yellow,30,
31,Newcastle United,Liverpool,Jon Flanagan,Reckless challenge,Yellow,45,
31,Newcastle United,Liverpool,Cheick Tioté,Reckless challenge,Yellow,48,
31,Newcastle United,Liverpool,James Perch,Off-ball infraction,Yellow,82,
31,Newcastle United,Liverpool,Pepe Reina,Off-ball infraction,Red,82,
31,Queens Park Rangers,Arsenal,Adel Taarabt,Excessive celebration,Yellow,23,
31,Queens Park Rangers,Arsenal,Jamie Mackie,Off-ball infraction,Yellow,62,
31,Queens Park Rangers,Arsenal,Thomas Vermaelen,Off-ball infraction,Yellow,62,
31,Queens Park Rangers,Arsenal,Alexandre Song,Reckless challenge,Yellow,65,
31,Queens Park Rangers,Arsenal,Joey Barton,Reckless challenge,Yellow,90,4
31,Queens Park Rangers,Arsenal,Samba Diakité,Reckless challenge,Yellow,90,4
31,Queens Park Rangers,Arsenal,Anton Ferdinand,Off-ball infraction,Yellow,90,
31,Wigan Athletic,Stoke City,Marc Wilson,Reckless challenge,Yellow,26,
31,Wigan Athletic,Stoke City,Emmerson Boyce,Reckless challenge,Yellow,34,
31,Wigan Athletic,Stoke City,Jean Beausejour,Reckless challenge,Yellow,34,
31,Wigan Athletic,Stoke City,Glenn Whelan,Reckless challenge,Yellow,54,
31,Wigan Athletic,Stoke City,Dean Whitehead,Reckless challenge,Yellow,71,
31,Wigan Athletic,Stoke City,Andy Wilkinson,Off-ball infraction,Yellow,76,
31,Wolverhampton Wanderers,Bolton Wanderers,Richard Stearman,Reckless challenge,Yellow,60,
31,Wolverhampton Wanderers,Bolton Wanderers,Ivan Klasnić,Reckless challenge,Yellow,65,
32,Arsenal,Manchester City,Yaya Touré,Reckless challenge,Yellow,2,
32,Arsenal,Manchester City,Mario Balotelli,Reckless challenge,Yellow,38,
32,Arsenal,Manchester City,James Milner,Reckless challenge,Yellow,56,
32,Arsenal,Manchester City,André Santos,Reckless challenge,Yellow,60,
32,Arsenal,Manchester City,Laurent Koscielny,Reckless challenge,Yellow,68,
32,Arsenal,Manchester City,Pablo Zabaleta,Off-ball infraction,Yellow,90,5
32,Arsenal,Manchester City,Mario Balotelli,Reckless challenge,Yellow/Red,90,
32,Bolton Wanderers,Fulham,Sam Ricketts,Reckless challenge,Yellow,90,3
32,Chelsea,Wigan Athletic,Michael Essien,Reckless challenge,Yellow,22,
32,Chelsea,Wigan Athletic,Florent Malouda,Reckless challenge,Yellow,53,
32,Chelsea,Wigan Athletic,Shaun Maloney,Reckless challenge,Yellow,61,
32,Chelsea,Wigan Athletic,Maynor Figueroa,Reckless challenge,Yellow,65,
32,Liverpool,Aston Villa,Luis Suárez,Simulation,Yellow,77,
32,Liverpool,Aston Villa,Samir Carruthers,Simulation,Yellow,88,
32,Manchester United,Queens Park Rangers,Shaun Derry,Professional foul,Red,14,
32,Manchester United,Queens Park Rangers,Rafael,Reckless challenge,Yellow,73,
32,Norwich City,Everton,Leighton Baines,Reckless challenge,Yellow,24,
32,Norwich City,Everton,Steven Pienaar,Reckless challenge,Yellow,55,
32,Norwich City,Everton,Marouane Fellaini,Reckless challenge,Yellow,65,
32,Stoke City,Wolverhampton Wanderers,Matthew Etherington,Off-ball infraction,Yellow,36,
32,Stoke City,Wolverhampton Wanderers,Michael Kightly,Off-ball infraction,Yellow,36,
32,Sunderland,Tottenham Hotspur,Sandro,Reckless challenge,Yellow,62,
32,Sunderland,Tottenham Hotspur,Sebastian Larsson,Simulation,Yellow,87,
32,Sunderland,Tottenham Hotspur,Benoît Assou-Ekotto,Reckless challenge,Yellow,89,
32,Sunderland,Tottenham Hotspur,David Vaughan,Reckless challenge,Yellow,90,3
32,Swansea City,Newcastle United,Michael Williamson,Reckless challenge,Yellow,39,
32,Swansea City,Newcastle United,Ashley Williams,Reckless challenge,Yellow,59,
32,West Bromwich Albion,Blackburn Rovers,Scott Dann,Reckless challenge,Yellow,51,
32,West Bromwich Albion,Blackburn Rovers,Billy Jones,Delaying restart,Yellow,89,
32,West Bromwich Albion,Blackburn Rovers,Anthony Modeste,Violent conduct,Red,90,
33,Aston Villa,Stoke City,Stephen Warnock,Reckless challenge,Yellow,8,
33,Aston Villa,Stoke City,Eric Lichaj,Reckless challenge,Yellow,39,
33,Aston Villa,Stoke City,James Collins,Dissent,Yellow,74,
33,Blackburn Rovers,Liverpool,Jon Flanagan,Reckless challenge,Yellow,12,
33,Blackburn Rovers,Liverpool,Doni,Professional foul,Red,25,
33,Blackburn Rovers,Liverpool,Bradley Orr,Reckless challenge,Yellow,28,
33,Blackburn Rovers,Liverpool,Maxi Rodríguez,Reckless challenge,Yellow,45,1
33,Blackburn Rovers,Liverpool,Bradley Jones,Reckless challenge,Yellow,61,
33,Blackburn Rovers,Liverpool,Junior Hoilett,Off-ball infraction,Yellow,62,
33,Blackburn Rovers,Liverpool,Mauro Formica,Reckless challenge,Yellow,64,
33,Blackburn Rovers,Liverpool,Craig Bellamy,Simulation,Yellow,72,
33,Blackburn Rovers,Liverpool,Jordan Henderson,Reckless challenge,Yellow,86,
33,Blackburn Rovers,Liverpool,Grant Hanley,Reckless challenge,Yellow,90,
33,Everton,Sunderland,Lee Cattermole,Reckless challenge,Yellow,18,
33,Everton,Sunderland,Kieran Richardson,Reckless challenge,Yellow,83,
33,Fulham,Chelsea,Raul Meireles,Reckless challenge,Yellow,24,
33,Fulham,Chelsea,Gary Cahill,Reckless challenge,Yellow,42,
33,Fulham,Chelsea,John Obi Mikel,Reckless challenge,Yellow,58,
33,Fulham,Chelsea,Danny Murphy,Reckless challenge,Yellow,63,
33,Newcastle United,Bolton Wanderers,Jonás Gutiérrez,Reckless challenge,Yellow,62,
33,Newcastle United,Bolton Wanderers,Nigel Reo-Coker,Reckless challenge,Yellow,66,
33,Queens Park Rangers,Swansea City,Taye Taïwo,Reckless challenge,Yellow,72,
33,Queens Park Rangers,Swansea City,Samba Diakité,Reckless challenge,Yellow,79,
33,Tottenham Hotspur,Norwich City,Kyle Walker,Reckless challenge,Yellow,50,
33,Tottenham Hotspur,Norwich City,Bradley Johnson,Reckless challenge,Yellow,59,
33,Tottenham Hotspur,Norwich City,Ryan Bennett,Reckless challenge,Yellow,61,
33,Wigan Athletic,Manchester United,Franco Di Santo,Off-ball infraction,Yellow,22,
33,Wigan Athletic,Manchester United,Jonny Evans,Reckless challenge,Yellow,22,
33,Wigan Athletic,Manchester United,Phil Jones,Reckless challenge,Yellow,85,
33,Wolverhampton Wanderers,Arsenal,Sébastien Bassong,Professional foul,Red,8,
33,Wolverhampton Wanderers,Arsenal,Kevin Doyle,Dissent,Yellow,40,
33,Wolverhampton Wanderers,Arsenal,Ronald Zubar,Reckless challenge,Yellow,57,
33,Wolverhampton Wanderers,Arsenal,Michael Kightly,Reckless challenge,Yellow,58,
34,Arsenal,Wigan Athletic,Bacary Sagna,Reckless challenge,Yellow,34,
34,Arsenal,Wigan Athletic,Gary Caldwell,Reckless challenge,Yellow,60,
34,Arsenal,Wigan Athletic,Alexandre Song,Reckless challenge,Yellow,72,
34,Arsenal,Wigan Athletic,Ali Al-Habsi,Delaying restart,Yellow,90,2
34,Arsenal,Wigan Athletic,James McArthur,Reckless challenge,Yellow,90,5
34,Bolton Wanderers,Tottenham Hotspur,Kyle Walker,Reckless challenge,Yellow,53,
34,Bolton Wanderers,Tottenham Hotspur,Joshua Vela,Reckless challenge,Yellow,71,
34,Bolton Wanderers,Tottenham Hotspur,Chris Eagles,Reckless challenge,Yellow,74,
34,Chelsea,Newcastle United,Cheick Tioté,Reckless challenge,Yellow,4,
34,Chelsea,Newcastle United,Yohan Cabaye,Reckless challenge,Yellow,56,
34,Chelsea,Newcastle United,Tim Krul,Delaying restart,Yellow,90,1
34,Manchester United,Aston Villa,Michael Carrick,Reckless challenge,Yellow,9,
34,Manchester United,Aston Villa,Gary Gardner,Reckless challenge,Yellow,38,
34,Manchester United,Aston Villa,Paul Scholes,Reckless challenge,Yellow,49,
34,Manchester United,Aston Villa,Alan Hutton,Reckless challenge,Yellow,51,
34,Manchester United,Aston Villa,Barry Bannan,Reckless challenge,Yellow,90,1
34,Manchester United,Aston Villa,Nani,Reckless challenge,Yellow,90,2
34,Norwich City,Manchester City,Carlos Tevez,Reckless challenge,Yellow,9,
34,Norwich City,Manchester City,Samir Nasri,Simulation,Yellow,43,
34,Norwich City,Manchester City,Ryan Bennett,Reckless challenge,Yellow,59,
34,Stoke City,Everton,Marc Wilson,Reckless challenge,Yellow,54,
34,Stoke City,Everton,Ryan Shawcross,Reckless challenge,Yellow,62,
34,Stoke City,Everton,Steven Pienaar,Reckless challenge,Yellow,90,4
34,Sunderland,Wolverhampton Wanderers,Richard Stearman,Off-ball infraction,Yellow,86,
34,Swansea City,Blackburn Rovers,Junior Hoilett,Reckless challenge,Yellow,33,
34,Swansea City,Blackburn Rovers,Mauro Formica,Reckless challenge,Yellow,90,1
34,West Bromwich Albion,Queens Park Rangers,Youssouf Mulumbu,Reckless challenge,Yellow,51,
34,West Bromwich Albion,Queens Park Rangers,Samba Diakité,Reckless challenge,Yellow,56,
34,West Bromwich Albion,Queens Park Rangers,Liam Ridgewell,Delaying restart,Yellow,61,
34,West Bromwich Albion,Queens Park Rangers,Graham Dorrans,Reckless challenge,Yellow,70,
35,Arsenal,Chelsea,Tomáš Rosický,Reckless challenge,Yellow,30,
35,Arsenal,Chelsea,Florent Malouda,Dissent,Yellow,49,
35,Arsenal,Chelsea,Robin van Persie,Reckless challenge,Yellow,50,
35,Arsenal,Chelsea,Gary Cahill,Reckless challenge,Yellow,54,
35,Arsenal,Chelsea,José Bosingwa,Reckless challenge,Yellow,72,
35,Arsenal,Chelsea,Vassiriki Abou Diaby,Reckless challenge,Yellow,76,
35,Arsenal,Chelsea,Ashley Cole,Reckless challenge,Yellow,81,
35,Aston Villa,Sunderland,Craig Gardner,Reckless challenge,Yellow,49,
35,Aston Villa,Sunderland,Nicklas Bendtner,Reckless challenge,Yellow,66,
35,Aston Villa,Sunderland,Craig Gardner,Reckless challenge,Yellow/Red,90,2
35,Blackburn Rovers,Norwich City,David Dunn,Reckless challenge,Yellow,28,
35,Blackburn Rovers,Norwich City,Jonathan Howson,Reckless challenge,Yellow,34,
35,Bolton Wanderers,Swansea City,Ashley Williams,Reckless challenge,Yellow,30,
35,Bolton Wanderers,Swansea City,Mark Davies,Reckless challenge,Yellow,41,
35,Bolton Wanderers,Swansea City,Grétar Steinsson,Reckless challenge,Yellow,63,
35,Fulham,Wigan Athletic,Gary Caldwell,Reckless challenge,Yellow,53,
35,Fulham,Wigan Athletic,Emmerson Boyce,Reckless challenge,Yellow,62,
35,Fulham,Wigan Athletic,Kerim Frei,Reckless challenge,Yellow,87,
35,Liverpool,West Bromwich Albion,Daniel Agger,Reckless challenge,Yellow,77,
35,Liverpool,West Bromwich Albion,Jonjo Shelvey,Reckless challenge,Yellow,90,4
35,Manchester United,Everton,Sylvain Distin,Reckless challenge,Yellow,45,3
35,Manchester United,Everton,Patrice Evra,Reckless challenge,Yellow,46,
35,Manchester United,Everton,Philip Neville,Reckless challenge,Yellow,59,
35,Newcastle United,Stoke City,Wilson Palacios,Reckless challenge,Yellow,36,
35,Newcastle United,Stoke City,Ryan Shawcross,Reckless challenge,Yellow,48,
35,Queens Park Rangers,Tottenham Hotspur,Bobby Zamora,Reckless challenge,Yellow,22,
35,Queens Park Rangers,Tottenham Hotspur,Adel Taarabt,Reckless challenge,Yellow,42,
35,Queens Park Rangers,Tottenham Hotspur,Nedum Onuoha,Reckless challenge,Yellow,75,
35,Queens Park Rangers,Tottenham Hotspur,Adel Taarabt,Dissent,Yellow/Red,78,
35,Queens Park Rangers,Tottenham Hotspur,Clint Hill,Reckless challenge,Yellow,78,
35,Wolverhampton Wanderers,Manchester City,Yaya Touré,Reckless challenge,Yellow,56,
36,Chelsea,Queens Park Rangers,Joey Barton,Reckless challenge,Yellow,61,
36,Everton,Fulham,Darron Gibson,Reckless challenge,Yellow,43,
36,Everton,Fulham,Mahamadou Diarra,Reckless challenge,Yellow,79,
36,Manchester City,Manchester United,Vincent Kompany,Reckless challenge,Yellow,19,
36,Manchester City,Manchester United,Yaya Touré,Dissent,Yellow,53,
36,Manchester City,Manchester United,Phil Jones,Reckless challenge,Yellow,69,
36,Manchester City,Manchester United,Nigel de Jong,Reckless challenge,Yellow,76,
36,Manchester City,Manchester United,Michael Carrick,Reckless challenge,Yellow,78,
36,Norwich City,Liverpool,Elliott Ward,Reckless challenge,Yellow,43,
36,Norwich City,Liverpool,Jonathan Howson,Reckless challenge,Yellow,45,2
36,Norwich City,Liverpool,James Vaughan,Reckless challenge,Yellow,66,
36,Norwich City,Liverpool,Ryan Bennett,Reckless challenge,Yellow,71,
36,Stoke City,Arsenal,Dean Whitehead,Reckless challenge,Yellow,4,
36,Stoke City,Arsenal,Yossi Benayoun,Reckless challenge,Yellow,63,
36,Stoke City,Arsenal,Alexandre Song,Reckless challenge,Yellow,67,
36,Sunderland,Bolton Wanderers,Lee Cattermole,Reckless challenge,Yellow,35,
36,Swansea City,Wolverhampton Wanderers,Stephen Ward,Reckless challenge,Yellow,57,
36,Swansea City,Wolverhampton Wanderers,Leon Britton,Dissent,Yellow,90,
36,Swansea City,Wolverhampton Wanderers,Luke Moore,Reckless challenge,Yellow,90,
36,West Bromwich Albion,Aston Villa,Stephen Warnock,Reckless challenge,Yellow,37,
36,West Bromwich Albion,Aston Villa,Alan Hutton,Reckless challenge,Yellow,42,
36,West Bromwich Albion,Aston Villa,Ciaran Clark,Reckless challenge,Yellow,59,
36,West Bromwich Albion,Aston Villa,Emile Heskey,Reckless challenge,Yellow,62,
36,Wigan Athletic,Newcastle United,Antolín Alcaraz,Reckless challenge,Yellow,19,
36,Wigan Athletic,Newcastle United,James McCarthy,Serious foul play,Yellow,38,
36,Wigan Athletic,Newcastle United,Danny Simpson,Dissent,Yellow,39,
37,Arsenal,Norwich City,Aaron Ramsey,Reckless challenge,Yellow,20,
37,Arsenal,Norwich City,Simeon Jackson,Reckless challenge,Yellow,29,
37,Arsenal,Norwich City,Thomas Vermaelen,Dissent,Yellow,45,3
37,Arsenal,Norwich City,Wes Hoolahan,Delaying restart,Yellow,60,
37,Arsenal,Norwich City,Aaron Wilbraham,Reckless challenge,Yellow,90,2
37,Aston Villa,Tottenham Hotspur,Younes Kaboul,Reckless challenge,Yellow,18,
37,Aston Villa,Tottenham Hotspur,Danny Rose,Serious foul play,Red,50,
37,Aston Villa,Tottenham Hotspur,Richard Dunne,Reckless challenge,Yellow,60,
37,Aston Villa,Tottenham Hotspur,Sandro,Reckless challenge,Yellow,90,6
37,Blackburn Rovers,Wigan Athletic,Radosav Petrović,Reckless challenge,Yellow,60,
37,Blackburn Rovers,Wigan Athletic,Morten Gamst Pedersen,Reckless challenge,Yellow,67,
37,Blackburn Rovers,Wigan Athletic,Victor Moses,Simulation,Yellow,72,
37,Bolton Wanderers,West Bromwich Albion,Dedryck Boyata,Reckless challenge,Yellow,38,
37,Bolton Wanderers,West Bromwich Albion,Billy Jones,Reckless challenge,Yellow,45,
37,Bolton Wanderers,West Bromwich Albion,Shane Long,Reckless challenge,Yellow,54,
37,Bolton Wanderers,West Bromwich Albion,Keith Andrews,Dissent,Yellow,57,
37,Bolton Wanderers,West Bromwich Albion,Chris Brunt,Reckless challenge,Yellow,73,
37,Liverpool,Chelsea,Paulo Ferreira,Reckless challenge,Yellow,15,
37,Liverpool,Chelsea,John Terry,Reckless challenge,Yellow,22,
37,Liverpool,Chelsea,Michael Essien,Reckless challenge,Yellow,44,
37,Liverpool,Chelsea,Branislav Ivanović,Reckless challenge,Yellow,45,2
37,Liverpool,Chelsea,Jordan Henderson,Reckless challenge,Yellow,65,
37,Liverpool,Chelsea,Daniel Agger,Reckless challenge,Yellow,71,
37,Manchester United,Swansea City,Wayne Rooney,Reckless challenge,Yellow,71,
37,Newcastle United,Manchester City,Hatem Ben Arfa,Professional foul,Yellow,26,
37,Newcastle United,Manchester City,Gareth Barry,Holding,Yellow,29,
37,Newcastle United,Manchester City,Cheick Tioté,Reckless challenge,Yellow,32,
37,Newcastle United,Manchester City,James Perch,Reckless challenge,Yellow,36,
37,Newcastle United,Manchester City,Yaya Touré,Reckless challenge,Yellow,38,
37,Newcastle United,Manchester City,Pablo Zabaleta,Reckless challenge,Yellow,79,
37,Newcastle United,Manchester City,Shane Ferguson,Reckless challenge,Yellow,80,
38,Chelsea,Blackburn Rovers,Ryan Bertrand,Reckless challenge,Yellow,90,
38,Everton,Newcastle United,Johnny Heitinga,Reckless challenge,Yellow,7,
38,Everton,Newcastle United,Cheick Tioté,Reckless challenge,Yellow,10,
38,Everton,Newcastle United,Leighton Baines,Professional foul,Yellow,45,4
38,Everton,Newcastle United,Tim Cahill,Violent conduct,Red,90,5
38,Manchester City,Queens Park Rangers,Joey Barton,Violent conduct,Red,55,
38,Manchester City,Queens Park Rangers,Jay Bothroyd,Reckless challenge,Yellow,77,
38,Manchester City,Queens Park Rangers,Sergio Agüero,Excessive celebration,Yellow,90,5
38,Norwich City,Aston Villa,Grant Holt,Dead ball encroachment,Yellow,8,
38,Norwich City,Aston Villa,Ciaran Clark,Reckless challenge,Yellow,54,
38,Norwich City,Aston Villa,Stephen Ireland,Reckless challenge,Yellow,88,
38,Stoke City,Bolton Wanderers,Sam Ricketts,Reckless challenge,Yellow,38,
38,Stoke City,Bolton Wanderers,Robert Huth,Reckless challenge,Yellow,85,
38,Sunderland,Manchester United,Fraizer Campbell,Reckless challenge,Yellow,23,
38,Sunderland,Manchester United,Phillip Bardsley,Reckless challenge,Yellow,31,
38,Sunderland,Manchester United,Phil Jones,Reckless challenge,Yellow,37,
38,Sunderland,Manchester United,Ryan Giggs,Reckless challenge,Yellow,56,
38,Sunderland,Manchester United,Michael Turner,Reckless challenge,Yellow,67,
38,Sunderland,Manchester United,Paul Scholes,Reckless challenge,Yellow,71,
38,Swansea City,Liverpool,Ashley Williams,Off-ball infraction,Yellow,45,2
38,Swansea City,Liverpool,Andy Carroll,Off-ball infraction,Yellow,45,2
38,Tottenham Hotspur,Fulham,Brede Hangeland,Reckless challenge,Yellow,26,
38,Tottenham Hotspur,Fulham,Danny Murphy,Reckless challenge,Yellow,46,
38,West Bromwich Albion,Arsenal,Robin van Persie,Reckless challenge,Yellow,39,
38,Wigan Athletic,Wolverhampton Wanderers,Richard Stearman,Reckless challenge,Yellow,19,
38,Wigan Athletic,Wolverhampton Wanderers,Piscu,Reckless challenge,Yellow,45,
38,Wigan Athletic,Wolverhampton Wanderers,Christophe Berra,Reckless challenge,Yellow,64,
