Matchday,Home Team,Away Team,Team,Player,Event,Bodypart,Time,Stoppage
1,Blackburn Rovers,Wolverhampton Wanderers,Blackburn Rovers,Mauro Formica,Shot inside penalty area,Left foot,20,
1,Blackburn Rovers,Wolverhampton Wanderers,Wolverhampton Wanderers,Steven Fletcher,Cross from open play,Head,22,
1,Blackburn Rovers,Wolverhampton Wanderers,Wolverhampton Wanderers,Stephen Ward,Shot outside penalty area,Left foot,47,
1,Liverpool,Sunderland,Liverpool,Luis Suárez,Cross from free kick,Head,12,
1,Liverpool,Sunderland,Sunderland,Sebastian Larsson,Cross from open play,Left foot,57,
1,Manchester City,Swansea City,Manchester City,Edin Džeko,Shot following rebound,Right foot,57,
1,Manchester City,Swansea City,Manchester City,Sergio Agüero,Shot inside goal area,Right foot,68,
1,Manchester City,Swansea City,Manchester City,David Silva,Shot inside goal area,Left foot,71,
1,Manchester City,Swansea City,Manchester City,Sergio Agüero,Shot outside penalty area,Right foot,90,
1,Queens Park Rangers,Bolton Wanderers,Bolton Wanderers,Gary Cahill,Shot outside penalty area,Right foot,45,2
1,Queens Park Rangers,Bolton Wanderers,Bolton Wanderers,Daniel Gabbidon,Cross from open play,Unknown,67,
1,Queens Park Rangers,Bolton Wanderers,Bolton Wanderers,Ivan Klasnić,Shot inside penalty area,Left foot,70,
1,Queens Park Rangers,Bolton Wanderers,Bolton Wanderers,Fabrice Muamba,Shot inside penalty area,Right foot,79,
1,Tottenham Hotspur,Everton,Tottenham Hotspur,Aaron Lennon,Shot inside goal area,Left foot,35,
1,Tottenham Hotspur,Everton,Tottenham Hotspur,Benoît Assou-Ekotto,Shot outside penalty area,Left foot,63,
1,West Bromwich Albion,Manchester United,Manchester United,Wayne Rooney,Shot outside penalty area,Left foot,13,
1,West Bromwich Albion,Manchester United,West Bromwich Albion,Shane Long,Shot outside penalty area,Right foot,37,
1,West Bromwich Albion,Manchester United,Manchester United,Steven Reid,Deflected shot,Unknown,81,
1,Wigan Athletic,Norwich City,Norwich City,Wes Hoolahan,Shot inside goal area,Left foot,45,
2,Arsenal,Liverpool,Liverpool,Aaron Ramsey,Deflected shot,Head,78,
2,Arsenal,Liverpool,Liverpool,Luis Suárez,Shot inside penalty area,Right foot,90,
2,Aston Villa,Blackburn Rovers,Aston Villa,Gabriel Agbonlahor,Shot outside penalty area,Right foot,12,
2,Aston Villa,Blackburn Rovers,Aston Villa,Emile Heskey,Shot outside penalty area,Right foot,25,
2,Aston Villa,Blackburn Rovers,Blackburn Rovers,Morten Gamst Pedersen,Cross from open play,Head,52,
2,Aston Villa,Blackburn Rovers,Aston Villa,Darren Bent,Shot following rebound,Left foot,67,
2,Bolton Wanderers,Manchester City,Manchester City,David Silva,Shot outside penalty area,Left foot,26,
2,Bolton Wanderers,Manchester City,Manchester City,Gareth Barry,Shot outside penalty area,Left foot,37,
2,Bolton Wanderers,Manchester City,Bolton Wanderers,Ivan Klasnić,Cross from open play,Left foot,39,
2,Bolton Wanderers,Manchester City,Manchester City,Edin Džeko,Shot inside penalty area,Right foot,47,
2,Bolton Wanderers,Manchester City,Bolton Wanderers,Kevin Davies,Cross from free kick,Head,63,
2,Chelsea,West Bromwich Albion,West Bromwich Albion,Shane Long,Shot inside goal area,Right foot,4,
2,Chelsea,West Bromwich Albion,Chelsea,Nicolas Anelka,Shot inside goal area,Right foot,53,
2,Chelsea,West Bromwich Albion,Chelsea,Florent Malouda,Cross from open play,Left foot,83,
2,Everton,Queens Park Rangers,Queens Park Rangers,Tommy Smith,Shot inside penalty area,Right foot,31,
2,Manchester United,Tottenham Hotspur,Manchester United,Danny Welbeck,Cross from open play,Head,61,
2,Manchester United,Tottenham Hotspur,Manchester United,Anderson,Shot inside penalty area,Left foot,76,
2,Manchester United,Tottenham Hotspur,Manchester United,Wayne Rooney,Cross from open play,Head,87,
2,Norwich City,Stoke City,Norwich City,Ritchie de Laet,Cross from free kick,Head,37,
2,Norwich City,Stoke City,Stoke City,Kenwyne Jones,Cross from open play,Head,90,4
2,Sunderland,Newcastle United,Newcastle United,Ryan Taylor,Direct from free kick,Right foot,62,
2,Wolverhampton Wanderers,Fulham,Wolverhampton Wanderers,Kevin Doyle,Cross from open play,Left foot,42,
2,Wolverhampton Wanderers,Fulham,Wolverhampton Wanderers,Matthew Jarvis,Shot following rebound,Right foot,45,
3,Chelsea,Norwich City,Chelsea,José Bosingwa,Shot inside penalty area,Right foot,6,
3,Chelsea,Norwich City,Norwich City,Grant Holt,Shot inside goal area,Right foot,63,
3,Chelsea,Norwich City,Chelsea,Juan Mata,Shot inside goal area,Left foot,90,1
3,Liverpool,Bolton Wanderers,Liverpool,Jordan Henderson,Shot inside penalty area,Left foot,15,
3,Liverpool,Bolton Wanderers,Liverpool,Martin Škrtel,Cross from corner kick,Head,52,
3,Liverpool,Bolton Wanderers,Liverpool,Charlie Adam,Shot outside penalty area,Right foot,53,
3,Liverpool,Bolton Wanderers,Bolton Wanderers,Ivan Klasnić,Shot inside goal area,Left foot,90,2
3,Manchester United,Arsenal,Manchester United,Danny Welbeck,Cross from open play,Head,22,
3,Manchester United,Arsenal,Manchester United,Ashley Young,Shot outside penalty area,Right foot,28,
3,Manchester United,Arsenal,Manchester United,Wayne Rooney,Direct from free kick,Right foot,41,
3,Manchester United,Arsenal,Arsenal,Theo Walcott,Shot inside penalty area,Right foot,45,3
3,Manchester United,Arsenal,Manchester United,Wayne Rooney,Direct from free kick,Right foot,64,
3,Manchester United,Arsenal,Manchester United,Nani,Shot inside penalty area,Left foot,67,
3,Manchester United,Arsenal,Manchester United,Park Ji-Sung,Shot outside penalty area,Right foot,70,
3,Manchester United,Arsenal,Arsenal,Robin van Persie,Shot inside goal area,Left foot,74,
3,Manchester United,Arsenal,Manchester United,Ashley Young,Shot outside penalty area,Right foot,90,1
3,Newcastle United,Fulham,Newcastle United,Leon Best,Shot following rebound,Right foot,48,
3,Newcastle United,Fulham,Newcastle United,Leon Best,Shot inside penalty area,Right foot,66,
3,Newcastle United,Fulham,Fulham,Clint Dempsey,Cross from free kick,Head,88,
3,Tottenham Hotspur,Manchester City,Manchester City,Edin Džeko,Cross from open play,Right foot,34,
3,Tottenham Hotspur,Manchester City,Manchester City,Edin Džeko,Cross from open play,Head,41,
3,Tottenham Hotspur,Manchester City,Manchester City,Edin Džeko,Shot inside goal area,Left foot,55,
3,Tottenham Hotspur,Manchester City,Manchester City,Sergio Agüero,Shot inside penalty area,Left foot,60,
3,Tottenham Hotspur,Manchester City,Tottenham Hotspur,Younes Kaboul,Cross from corner kick,Head,68,
3,Tottenham Hotspur,Manchester City,Manchester City,Edin Džeko,Shot outside penalty area,Left foot,90,3
3,West Bromwich Albion,Stoke City,Stoke City,Ryan Shotton,Shot inside goal area,Right foot,89,
3,Wigan Athletic,Queens Park Rangers,Wigan Athletic,Franco Di Santo,Shot outside penalty area,Right foot,41,
3,Wigan Athletic,Queens Park Rangers,Wigan Athletic,Franco Di Santo,Cross from open play,Right foot,66,
4,Arsenal,Swansea City,Arsenal,Andrey Arshavin,Shot inside penalty area,Left foot,40,
4,Bolton Wanderers,Manchester United,Manchester United,Javier Hernández,Cross from open play,Right foot,5,
4,Bolton Wanderers,Manchester United,Manchester United,Wayne Rooney,Cross from open play,Right foot,20,
4,Bolton Wanderers,Manchester United,Manchester United,Wayne Rooney,Cross from open play,Right foot,25,
4,Bolton Wanderers,Manchester United,Manchester United,Javier Hernández,Shot inside goal area,Right foot,58,
4,Bolton Wanderers,Manchester United,Manchester United,Wayne Rooney,Shot outside penalty area,Right foot,68,
4,Everton,Aston Villa,Everton,Leon Osman,Shot inside penalty area,Left foot,19,
4,Everton,Aston Villa,Aston Villa,Stiliyan Petrov,Shot outside penalty area,Right foot,63,
4,Everton,Aston Villa,Aston Villa,Gabriel Agbonlahor,Cross from open play,Head,83,
4,Fulham,Blackburn Rovers,Blackburn Rovers,Rubén Rochina,Shot outside penalty area,Left foot,32,
4,Fulham,Blackburn Rovers,Fulham,Bobby Zamora,Shot inside penalty area,Left foot,38,
4,Manchester City,Wigan Athletic,Manchester City,Sergio Agüero,Shot inside penalty area,Right foot,13,
4,Manchester City,Wigan Athletic,Manchester City,Sergio Agüero,Shot outside penalty area,Right foot,63,
4,Manchester City,Wigan Athletic,Manchester City,Sergio Agüero,Shot outside penalty area,Right foot,69,
4,Norwich City,West Bromwich Albion,West Bromwich Albion,Peter Odemwingie,Through pass creates 1-v-1,Foot,3,
4,Sunderland,Chelsea,Chelsea,John Terry,Shot inside goal area,Left foot,18,
4,Sunderland,Chelsea,Chelsea,Daniel Sturridge,Shot inside penalty area,Right foot,51,
4,Sunderland,Chelsea,Sunderland,Ji Dong-Won,Shot inside penalty area,Left foot,90,1
4,Wolverhampton Wanderers,Tottenham Hotspur,Tottenham Hotspur,Emmanuel Adebayor,Shot inside goal area,Right foot,67,
4,Wolverhampton Wanderers,Tottenham Hotspur,Tottenham Hotspur,Jermain Defoe,Shot inside goal area,Right foot,80,
5,Aston Villa,Newcastle United,Aston Villa,Gabriel Agbonlahor,Cross from open play,Left foot,13,
5,Aston Villa,Newcastle United,Newcastle United,Leon Best,Cross from open play,Right foot,57,
5,Blackburn Rovers,Arsenal,Arsenal,Gervinho,Shot inside penalty area,Right foot,10,
5,Blackburn Rovers,Arsenal,Blackburn Rovers,Yakubu,Shot inside penalty area,Right foot,25,
5,Blackburn Rovers,Arsenal,Arsenal,Mikel Arteta,Shot outside penalty area,Right foot,34,
5,Blackburn Rovers,Arsenal,Blackburn Rovers,Alexandre Song,Cross from free kick,Unknown,50,
5,Blackburn Rovers,Arsenal,Blackburn Rovers,Yakubu,Cross from open play,Foot,59,
5,Blackburn Rovers,Arsenal,Blackburn Rovers,Laurent Koscielny,Cross from open play,Unknown,69,
5,Blackburn Rovers,Arsenal,Arsenal,Marouane Chamakh,Cross from open play,Head,85,
5,Bolton Wanderers,Norwich City,Norwich City,Anthony Pilkington,Shot inside goal area,Left foot,37,
5,Bolton Wanderers,Norwich City,Norwich City,Bradley Johnson,Cross from free kick,Head,42,
5,Everton,Wigan Athletic,Wigan Athletic,Franco Di Santo,Cross from corner kick,Right foot,31,
5,Everton,Wigan Athletic,Everton,Phil Jagielka,Flick on from corner kick,Head,33,
5,Everton,Wigan Athletic,Everton,Apostolos Vellios,Cross from open play,Head,84,
5,Everton,Wigan Athletic,Everton,Royston Drenthe,Shot inside penalty area,Left foot,90,8
5,Fulham,Manchester City,Manchester City,Sergio Agüero,Shot inside penalty area,Right foot,18,
5,Fulham,Manchester City,Manchester City,Sergio Agüero,Shot outside penalty area,Right foot,46,
5,Fulham,Manchester City,Fulham,Bobby Zamora,Shot outside penalty area,Right foot,55,
5,Fulham,Manchester City,Fulham,Danny Murphy,Shot outside penalty area,Right foot,75,
5,Manchester United,Chelsea,Manchester United,Chris Smalling,Cross from free kick,Head,8,
5,Manchester United,Chelsea,Manchester United,Nani,Shot outside penalty area,Right foot,37,
5,Manchester United,Chelsea,Manchester United,Wayne Rooney,Shot inside goal area,Right foot,45,
5,Manchester United,Chelsea,Chelsea,Fernando Torres,Shot inside goal area,Right foot,46,
5,Sunderland,Stoke City,Sunderland,Titus Bramble,Shot inside penalty area,Right foot,5,
5,Sunderland,Stoke City,Sunderland,Jonathan Woodgate,Cross from open play,Unknown,11,
5,Sunderland,Stoke City,Sunderland,Craig Gardner,Shot outside penalty area,Left foot,28,
5,Sunderland,Stoke City,Sunderland,Sebastian Larsson,Direct from free kick,Foot,58,
5,Swansea City,West Bromwich Albion,Swansea City,Leroy Lita,Flick on from corner kick,Head,24,
5,Swansea City,West Bromwich Albion,Swansea City,Nathan Dyer,Shot inside penalty area,Right foot,49,
5,Tottenham Hotspur,Liverpool,Tottenham Hotspur,Luka Modrić,Shot outside penalty area,Right foot,7,
5,Tottenham Hotspur,Liverpool,Tottenham Hotspur,Jermain Defoe,Shot inside penalty area,Right foot,66,
5,Tottenham Hotspur,Liverpool,Tottenham Hotspur,Emmanuel Adebayor,Shot following rebound,Right foot,68,
5,Tottenham Hotspur,Liverpool,Tottenham Hotspur,Emmanuel Adebayor,Cross from open play,Right foot,90,3
5,Wolverhampton Wanderers,Queens Park Rangers,Queens Park Rangers,Joey Barton,Shot inside penalty area,Right foot,8,
5,Wolverhampton Wanderers,Queens Park Rangers,Queens Park Rangers,Alejandro Faurlín,Shot outside penalty area,Right foot,10,
5,Wolverhampton Wanderers,Queens Park Rangers,Queens Park Rangers,DJ Campbell,Shot inside penalty area,Right foot,87,
6,Arsenal,Bolton Wanderers,Arsenal,Robin van Persie,Shot inside penalty area,Left foot,46,
6,Arsenal,Bolton Wanderers,Arsenal,Robin van Persie,Cross from open play,Left foot,71,
6,Arsenal,Bolton Wanderers,Arsenal,Alexandre Song,Shot inside penalty area,Right foot,89,
6,Chelsea,Swansea City,Chelsea,Fernando Torres,Shot inside goal area,Right foot,29,
6,Chelsea,Swansea City,Chelsea,Ramires,Shot inside penalty area,Right foot,36,
6,Chelsea,Swansea City,Chelsea,Ramires,Shot inside goal area,Right foot,76,
6,Chelsea,Swansea City,Swansea City,Ashley Williams,Cross from free kick,Head,86,
6,Chelsea,Swansea City,Chelsea,Didier Drogba,Shot inside goal area,Right foot,90,4
6,Liverpool,Wolverhampton Wanderers,Liverpool,Roger Johnson,Deflected shot,Head,11,
6,Liverpool,Wolverhampton Wanderers,Liverpool,Luis Suárez,Shot inside penalty area,Left foot,38,
6,Liverpool,Wolverhampton Wanderers,Wolverhampton Wanderers,Steven Fletcher,Shot inside goal area,Right foot,49,
6,Manchester City,Everton,Manchester City,Mario Balotelli,Shot inside penalty area,Right foot,68,
6,Manchester City,Everton,Manchester City,James Milner,Shot inside penalty area,Right foot,89,
6,Newcastle United,Blackburn Rovers,Newcastle United,Demba Ba,Cross from open play,Right foot,27,
6,Newcastle United,Blackburn Rovers,Newcastle United,Demba Ba,Shot inside goal area,Head,30,
6,Newcastle United,Blackburn Rovers,Blackburn Rovers,Junior Hoilett,Cross from open play,Head,37,
6,Newcastle United,Blackburn Rovers,Newcastle United,Demba Ba,Cross from open play,Head,54,
6,Norwich City,Sunderland,Norwich City,Leon Barnett,Cross from open play,Right foot,31,
6,Norwich City,Sunderland,Norwich City,Steve Morison,Cross from open play,Head,48,
6,Norwich City,Sunderland,Sunderland,Kieran Richardson,Shot outside penalty area,Left foot,86,
6,Queens Park Rangers,Aston Villa,Queens Park Rangers,Richard Dunne,Cross from open play,Unknown,90,3
6,Stoke City,Manchester United,Manchester United,Nani,Shot inside penalty area,Left foot,27,
6,Stoke City,Manchester United,Stoke City,Peter Crouch,Cross from corner kick,Head,52,
6,Wigan Athletic,Tottenham Hotspur,Tottenham Hotspur,Rafael van der Vaart,Shot outside penalty area,Left foot,3,
6,Wigan Athletic,Tottenham Hotspur,Tottenham Hotspur,Gareth Bale,Cross from corner kick,Head,23,
6,Wigan Athletic,Tottenham Hotspur,Wigan Athletic,Mohamed Diamé,Shot outside penalty area,Right foot,50,
7,Aston Villa,Wigan Athletic,Aston Villa,Gabriel Agbonlahor,Shot outside penalty area,Right foot,36,
7,Aston Villa,Wigan Athletic,Aston Villa,Darren Bent,Cross from open play,Right foot,62,
7,Blackburn Rovers,Manchester City,Manchester City,Adam Johnson,Shot outside penalty area,Left foot,56,
7,Blackburn Rovers,Manchester City,Manchester City,Mario Balotelli,Cross from open play,Right foot,59,
7,Blackburn Rovers,Manchester City,Manchester City,Samir Nasri,Shot outside penalty area,Right foot,73,
7,Blackburn Rovers,Manchester City,Manchester City,Stefan Savić,Cross from corner kick,Head,87,
7,Bolton Wanderers,Chelsea,Chelsea,Daniel Sturridge,Cross from corner kick,Head,2,
7,Bolton Wanderers,Chelsea,Chelsea,Frank Lampard,Shot inside penalty area,Foot,15,
7,Bolton Wanderers,Chelsea,Chelsea,Daniel Sturridge,Shot outside penalty area,Foot,25,
7,Bolton Wanderers,Chelsea,Chelsea,Frank Lampard,Shot inside penalty area,Foot,27,
7,Bolton Wanderers,Chelsea,Bolton Wanderers,Dedryck Boyata,Shot inside goal area,Head,46,
7,Bolton Wanderers,Chelsea,Chelsea,Frank Lampard,Shot inside penalty area,Foot,59,
7,Everton,Liverpool,Liverpool,Andy Carroll,Cross from open play,Left foot,71,
7,Everton,Liverpool,Liverpool,Luis Suárez,Shot inside goal area,Left foot,82,
7,Fulham,Queens Park Rangers,Fulham,Andrew Johnson,Shot following rebound,Right foot,2,
7,Fulham,Queens Park Rangers,Fulham,Andrew Johnson,Shot inside goal area,Right foot,38,
7,Fulham,Queens Park Rangers,Fulham,Andrew Johnson,Cross from free kick,Right foot,59,
7,Fulham,Queens Park Rangers,Fulham,Clint Dempsey,Shot inside penalty area,Right foot,65,
7,Fulham,Queens Park Rangers,Fulham,Bobby Zamora,Shot inside penalty area,Right foot,74,
7,Manchester United,Norwich City,Manchester United,Anderson,Flick on from corner kick,Head,68,
7,Manchester United,Norwich City,Manchester United,Danny Welbeck,Shot inside penalty area,Left foot,87,
7,Sunderland,West Bromwich Albion,West Bromwich Albion,James Morrison,Cross from free kick,Head,4,
7,Sunderland,West Bromwich Albion,West Bromwich Albion,Shane Long,Shot following defensive giveaway,Right foot,5,
7,Sunderland,West Bromwich Albion,Sunderland,Nicklas Bendtner,Deflected shot,Foot,24,
7,Sunderland,West Bromwich Albion,Sunderland,Ahmed Elmohamady,Cross from open play,Head,26,
7,Swansea City,Stoke City,Swansea City,Danny Graham,Shot outside penalty area,Right foot,85,
7,Tottenham Hotspur,Arsenal,Tottenham Hotspur,Rafael van der Vaart,Shot inside penalty area,Foot,40,
7,Tottenham Hotspur,Arsenal,Arsenal,Aaron Ramsey,Shot inside goal area,Foot,51,
7,Tottenham Hotspur,Arsenal,Tottenham Hotspur,Kyle Walker,Shot outside penalty area,Right foot,73,
7,Wolverhampton Wanderers,Newcastle United,Newcastle United,Demba Ba,Cross from corner kick,Head,17,
7,Wolverhampton Wanderers,Newcastle United,Newcastle United,Jonás Gutiérrez,Shot inside goal area,Left foot,38,
7,Wolverhampton Wanderers,Newcastle United,Wolverhampton Wanderers,Steven Fletcher,Cross from open play,Head,88,
8,Arsenal,Sunderland,Arsenal,Robin van Persie,Shot inside penalty area,Right foot,1,
8,Arsenal,Sunderland,Sunderland,Sebastian Larsson,Direct from free kick,Right foot,31,
8,Arsenal,Sunderland,Arsenal,Robin van Persie,Direct from free kick,Left foot,82,
8,Chelsea,Everton,Chelsea,Daniel Sturridge,Cross from open play,Head,31,
8,Chelsea,Everton,Chelsea,John Terry,Cross from free kick,Head,45,2
8,Chelsea,Everton,Chelsea,Ramires,Cross from open play,Right foot,61,
8,Chelsea,Everton,Everton,Apostolos Vellios,Cross from open play,Right foot,81,
8,Liverpool,Manchester United,Liverpool,Steven Gerrard,Direct from free kick,Right foot,68,
8,Liverpool,Manchester United,Manchester United,Javier Hernández,Flick on from corner kick,Head,81,
8,Manchester City,Aston Villa,Manchester City,Mario Balotelli,Flick on from corner kick,Right foot,28,
8,Manchester City,Aston Villa,Manchester City,Adam Johnson,Shot inside penalty area,Left foot,47,
8,Manchester City,Aston Villa,Manchester City,Vincent Kompany,Cross from corner kick,Head,52,
8,Manchester City,Aston Villa,Aston Villa,Stephen Warnock,Shot inside penalty area,Left foot,65,
8,Manchester City,Aston Villa,Manchester City,James Milner,Shot outside penalty area,Right foot,71,
8,Newcastle United,Tottenham Hotspur,Newcastle United,Demba Ba,Cross from open play,Right foot,48,
8,Newcastle United,Tottenham Hotspur,Tottenham Hotspur,Jermain Defoe,Shot outside penalty area,Left foot,68,
8,Newcastle United,Tottenham Hotspur,Newcastle United,Shola Ameobi,Shot outside penalty area,Left foot,86,
8,Norwich City,Swansea City,Norwich City,Anthony Pilkington,Shot inside penalty area,Left foot,1,
8,Norwich City,Swansea City,Norwich City,Russell Martin,Cross from free kick,Head,10,
8,Norwich City,Swansea City,Swansea City,Danny Graham,Shot inside goal area,Left foot,12,
8,Norwich City,Swansea City,Norwich City,Anthony Pilkington,Shot inside penalty area,Right foot,63,
8,Queens Park Rangers,Blackburn Rovers,Queens Park Rangers,Heiðar Helguson,Shot inside penalty area,Right foot,16,
8,Queens Park Rangers,Blackburn Rovers,Blackburn Rovers,Christopher Samba,Cross from corner kick,Head,24,
8,Stoke City,Fulham,Stoke City,Jonathan Walters,Shot inside goal area,Right foot,80,
8,Stoke City,Fulham,Stoke City,Rory Delap,Cross from free kick,Head,87,
8,West Bromwich Albion,Wolverhampton Wanderers,West Bromwich Albion,Chris Brunt,Shot inside penalty area,Left foot,8,
8,West Bromwich Albion,Wolverhampton Wanderers,West Bromwich Albion,Peter Odemwingie,Shot outside penalty area,Left foot,75,
8,Wigan Athletic,Bolton Wanderers,Bolton Wanderers,Nigel Reo-Coker,Cross from open play,Foot,4,
8,Wigan Athletic,Bolton Wanderers,Wigan Athletic,Mohamed Diamé,Shot outside penalty area,Right foot,40,
8,Wigan Athletic,Bolton Wanderers,Bolton Wanderers,David Ngog,Shot inside penalty area,Left foot,45,3
8,Wigan Athletic,Bolton Wanderers,Bolton Wanderers,Chris Eagles,Shot inside penalty area,Right foot,90,2
9,Arsenal,Stoke City,Arsenal,Gervinho,Shot inside goal area,Left foot,27,
9,Arsenal,Stoke City,Stoke City,Peter Crouch,Shot inside goal area,Right foot,34,
9,Arsenal,Stoke City,Arsenal,Robin van Persie,Cross from open play,Left foot,73,
9,Arsenal,Stoke City,Arsenal,Robin van Persie,Cross from open play,Right foot,82,
9,Aston Villa,West Bromwich Albion,West Bromwich Albion,Jonas Olsson,Cross from corner kick,Head,45,
9,Aston Villa,West Bromwich Albion,West Bromwich Albion,Paul Scharner,Cross from corner kick,Left foot,57,
9,Blackburn Rovers,Tottenham Hotspur,Tottenham Hotspur,Rafael van der Vaart,Shot inside penalty area,Left foot,15,
9,Blackburn Rovers,Tottenham Hotspur,Blackburn Rovers,Mauro Formica,Shot inside penalty area,Right foot,28,
9,Blackburn Rovers,Tottenham Hotspur,Tottenham Hotspur,Rafael van der Vaart,Shot outside penalty area,Left foot,53,
9,Bolton Wanderers,Sunderland,Sunderland,Stéphane Sessègnon,Shot inside penalty area,Right foot,82,
9,Bolton Wanderers,Sunderland,Sunderland,Nicklas Bendtner,Shot inside penalty area,Right foot,90,3
9,Fulham,Everton,Everton,Royston Drenthe,Shot outside penalty area,Right foot,3,
9,Fulham,Everton,Fulham,Bryan Ruiz,Shot inside penalty area,Left foot,68,
9,Fulham,Everton,Everton,Jack Rodwell,Cross from open play,Right foot,90,3
9,Fulham,Everton,Everton,Louis Saha,Shot inside goal area,Right foot,90,
9,Liverpool,Norwich City,Liverpool,Craig Bellamy,Shot inside penalty area,Right foot,45,
9,Liverpool,Norwich City,Norwich City,Grant Holt,Cross from open play,Head,60,
9,Manchester United,Manchester City,Manchester City,Mario Balotelli,Shot inside penalty area,Right foot,22,
9,Manchester United,Manchester City,Manchester City,Mario Balotelli,Cross from open play,Right foot,60,
9,Manchester United,Manchester City,Manchester City,Sergio Agüero,Cross from open play,Right foot,69,
9,Manchester United,Manchester City,Manchester United,Darren Fletcher,Shot outside penalty area,Right foot,81,
9,Manchester United,Manchester City,Manchester City,Edin Džeko,Flick on from corner kick,Left foot,89,
9,Manchester United,Manchester City,Manchester City,David Silva,Shot inside goal area,Left foot,90,1
9,Manchester United,Manchester City,Manchester City,Edin Džeko,Shot outside penalty area,Left foot,90,3
9,Newcastle United,Wigan Athletic,Newcastle United,Yohan Cabaye,Shot inside penalty area,Right foot,81,
9,Wolverhampton Wanderers,Swansea City,Swansea City,Danny Graham,Shot inside goal area,Right foot,24,
9,Wolverhampton Wanderers,Swansea City,Swansea City,Joe Allen,Shot inside goal area,Left foot,35,
9,Wolverhampton Wanderers,Swansea City,Wolverhampton Wanderers,Kevin Doyle,Shot following rebound,Foot,84,
9,Wolverhampton Wanderers,Swansea City,Wolverhampton Wanderers,Jamie O'Hara,Shot inside penalty area,Right foot,86,
10,Chelsea,Arsenal,Chelsea,Frank Lampard,Cross from open play,Head,14,
10,Chelsea,Arsenal,Arsenal,Robin van Persie,Shot inside goal area,Right foot,36,
10,Chelsea,Arsenal,Chelsea,John Terry,Cross from corner kick,Right foot,45,
10,Chelsea,Arsenal,Arsenal,André Santos,Shot inside goal area,Left foot,49,
10,Chelsea,Arsenal,Arsenal,Theo Walcott,Shot inside goal area,Right foot,55,
10,Chelsea,Arsenal,Chelsea,Juan Mata,Shot inside penalty area,Left foot,80,
10,Chelsea,Arsenal,Arsenal,Robin van Persie,Shot inside goal area,Right foot,85,
10,Chelsea,Arsenal,Arsenal,Robin van Persie,Shot inside goal area,Left foot,90,2
10,Everton,Manchester United,Manchester United,Javier Hernández,Cross from open play,Left foot,19,
10,Manchester City,Wolverhampton Wanderers,Manchester City,Edin Džeko,Shot outside penalty area,Right foot,52,
10,Manchester City,Wolverhampton Wanderers,Manchester City,Aleksandar Kolarov,Shot following rebound,Left foot,67,
10,Manchester City,Wolverhampton Wanderers,Manchester City,Adam Johnson,Shot outside penalty area,Left foot,90,
10,Norwich City,Blackburn Rovers,Blackburn Rovers,Junior Hoilett,Shot outside penalty area,Right foot,45,3
10,Norwich City,Blackburn Rovers,Norwich City,Steve Morison,Shot outside penalty area,Right foot,53,
10,Norwich City,Blackburn Rovers,Blackburn Rovers,Yakubu,Shot inside penalty area,Right foot,62,
10,Norwich City,Blackburn Rovers,Blackburn Rovers,Christopher Samba,Cross from free kick,Head,64,
10,Norwich City,Blackburn Rovers,Norwich City,Bradley Johnson,Shot outside penalty area,Left foot,82,
10,Stoke City,Newcastle United,Newcastle United,Demba Ba,Cross from open play,Head,12,
10,Stoke City,Newcastle United,Newcastle United,Demba Ba,Cross from open play,Left foot,40,
10,Sunderland,Aston Villa,Aston Villa,Stiliyan Petrov,Shot outside penalty area,Left foot,20,
10,Sunderland,Aston Villa,Sunderland,Connor Wickham,Shot inside penalty area,Left foot,38,
10,Sunderland,Aston Villa,Aston Villa,Richard Dunne,Cross from free kick,Head,85,
10,Sunderland,Aston Villa,Sunderland,Stéphane Sessègnon,Cross from free kick,Head,89,
10,Swansea City,Bolton Wanderers,Swansea City,Joe Allen,Shot inside penalty area,Right foot,49,
10,Swansea City,Bolton Wanderers,Bolton Wanderers,Danny Graham,Cross from open play,Foot,74,
10,Swansea City,Bolton Wanderers,Swansea City,Danny Graham,Through pass creates 1-v-1,Right foot,90,3
10,Tottenham Hotspur,Queens Park Rangers,Tottenham Hotspur,Gareth Bale,Shot inside penalty area,Left foot,20,
10,Tottenham Hotspur,Queens Park Rangers,Tottenham Hotspur,Rafael van der Vaart,Shot following rebound,Left foot,33,
10,Tottenham Hotspur,Queens Park Rangers,Queens Park Rangers,Jay Bothroyd,Flick on from corner kick,Head,62,
10,Tottenham Hotspur,Queens Park Rangers,Tottenham Hotspur,Gareth Bale,Shot inside penalty area,Left foot,72,
10,West Bromwich Albion,Liverpool,Liverpool,Andy Carroll,Shot inside penalty area,Left foot,45,1
10,Wigan Athletic,Fulham,Fulham,Clint Dempsey,Shot inside goal area,Right foot,41,
10,Wigan Athletic,Fulham,Fulham,Moussa Dembélé,Shot outside penalty area,Left foot,87,
11,Arsenal,West Bromwich Albion,Arsenal,Robin van Persie,Shot following rebound,Right foot,22,
11,Arsenal,West Bromwich Albion,Arsenal,Thomas Vermaelen,Cross from open play,Left foot,39,
11,Arsenal,West Bromwich Albion,Arsenal,Mikel Arteta,Shot inside penalty area,Right foot,74,
11,Aston Villa,Norwich City,Norwich City,Anthony Pilkington,Direct from free kick,Foot,25,
11,Aston Villa,Norwich City,Aston Villa,Darren Bent,Shot inside goal area,Right foot,30,
11,Aston Villa,Norwich City,Aston Villa,Gabriel Agbonlahor,Shot inside penalty area,Left foot,48,
11,Aston Villa,Norwich City,Aston Villa,Darren Bent,Cross from open play,Left foot,62,
11,Aston Villa,Norwich City,Norwich City,Steve Morison,Cross from open play,Head,77,
11,Blackburn Rovers,Chelsea,Chelsea,Frank Lampard,Cross from open play,Head,51,
11,Bolton Wanderers,Stoke City,Bolton Wanderers,Kevin Davies,Cross from free kick,Right foot,2,
11,Bolton Wanderers,Stoke City,Bolton Wanderers,Chris Eagles,Shot outside penalty area,Left foot,23,
11,Bolton Wanderers,Stoke City,Bolton Wanderers,Ivan Klasnić,Shot outside penalty area,Left foot,61,
11,Bolton Wanderers,Stoke City,Bolton Wanderers,Chris Eagles,Shot inside penalty area,Right foot,73,
11,Bolton Wanderers,Stoke City,Bolton Wanderers,Ivan Klasnić,Flick on from corner kick,Head,82,
11,Fulham,Tottenham Hotspur,Tottenham Hotspur,Gareth Bale,Shot following rebound,Left foot,10,
11,Fulham,Tottenham Hotspur,Tottenham Hotspur,Aaron Lennon,Shot inside goal area,Left foot,45,1
11,Fulham,Tottenham Hotspur,Fulham,Younes Kaboul,Cross from corner kick,Other,57,
11,Fulham,Tottenham Hotspur,Tottenham Hotspur,Jermain Defoe,Cross from open play,Right foot,90,5
11,Manchester United,Sunderland,Manchester United,Wes Brown,Cross from corner kick,Head,45,1
11,Newcastle United,Everton,Newcastle United,Johnny Heitinga,Cross from open play,Left foot,12,
11,Newcastle United,Everton,Newcastle United,Ryan Taylor,Shot outside penalty area,Right foot,29,
11,Newcastle United,Everton,Everton,Jack Rodwell,Cross from corner kick,Head,45,2
11,Queens Park Rangers,Manchester City,Queens Park Rangers,Jay Bothroyd,Cross from free kick,Head,28,
11,Queens Park Rangers,Manchester City,Manchester City,Edin Džeko,Shot inside penalty area,Right foot,43,
11,Queens Park Rangers,Manchester City,Manchester City,David Silva,Shot inside goal area,Left foot,52,
11,Queens Park Rangers,Manchester City,Queens Park Rangers,Heiðar Helguson,Shot following rebound,Foot,69,
11,Queens Park Rangers,Manchester City,Manchester City,Yaya Touré,Cross from open play,Head,74,
11,Wolverhampton Wanderers,Wigan Athletic,Wolverhampton Wanderers,Jamie O'Hara,Through pass creates 1-v-1,Left foot,31,
11,Wolverhampton Wanderers,Wigan Athletic,Wigan Athletic,Ben Watson,Shot following rebound,Foot,42,
11,Wolverhampton Wanderers,Wigan Athletic,Wolverhampton Wanderers,David Edwards,Shot following rebound,Right foot,55,
11,Wolverhampton Wanderers,Wigan Athletic,Wolverhampton Wanderers,Stephen Ward,Deflected shot,Left foot,66,
12,Chelsea,Liverpool,Liverpool,Maxi Rodríguez,Shot inside goal area,Right foot,33,
12,Chelsea,Liverpool,Chelsea,Daniel Sturridge,Shot following rebound,Right foot,55,
12,Chelsea,Liverpool,Liverpool,Glen Johnson,Shot inside goal area,Left foot,87,
12,Everton,Wolverhampton Wanderers,Everton,Phil Jagielka,Cross from free kick,Head,44,
12,Manchester City,Newcastle United,Manchester City,Micah Richards,Shot inside penalty area,Left foot,44,
12,Manchester City,Newcastle United,Newcastle United,Dan Gosling,Shot inside penalty area,Right foot,89,
12,Norwich City,Arsenal,Norwich City,Steve Morison,Shot inside penalty area,Left foot,16,
12,Norwich City,Arsenal,Arsenal,Robin van Persie,Cross from open play,Right foot,26,
12,Norwich City,Arsenal,Arsenal,Robin van Persie,Through pass creates 1-v-1,Right foot,59,
12,Stoke City,Queens Park Rangers,Stoke City,Jonathan Walters,Shot inside penalty area,Right foot,8,
12,Stoke City,Queens Park Rangers,Queens Park Rangers,Heiðar Helguson,Cross from open play,Head,22,
12,Stoke City,Queens Park Rangers,Queens Park Rangers,Luke Young,Shot inside penalty area,Right foot,44,
12,Stoke City,Queens Park Rangers,Queens Park Rangers,Heiðar Helguson,Cross from open play,Left foot,54,
12,Stoke City,Queens Park Rangers,Stoke City,Ryan Shawcross,Cross from corner kick,Head,64,
12,Swansea City,Manchester United,Manchester United,Javier Hernández,Cross from open play,Right foot,11,
12,Tottenham Hotspur,Aston Villa,Tottenham Hotspur,Emmanuel Adebayor,Flick on from corner kick,Foot,14,
12,Tottenham Hotspur,Aston Villa,Tottenham Hotspur,Emmanuel Adebayor,Shot inside goal area,Foot,40,
12,West Bromwich Albion,Bolton Wanderers,West Bromwich Albion,Jerome Thomas,Shot inside goal area,Right foot,16,
12,West Bromwich Albion,Bolton Wanderers,West Bromwich Albion,Shane Long,Cross from open play,Head,56,
12,Wigan Athletic,Blackburn Rovers,Blackburn Rovers,Yakubu,Shot inside penalty area,Right foot,2,
12,Wigan Athletic,Blackburn Rovers,Wigan Athletic,Jordi Gómez,Shot outside penalty area,Left foot,7,
12,Wigan Athletic,Blackburn Rovers,Wigan Athletic,Gary Caldwell,Cross from corner kick,Head,31,
12,Wigan Athletic,Blackburn Rovers,Blackburn Rovers,Junior Hoilett,Cross from open play,Head,59,
12,Wigan Athletic,Blackburn Rovers,Wigan Athletic,Albert Crusat,Shot outside penalty area,Left foot,88,
13,Arsenal,Fulham,Fulham,Thomas Vermaelen,Deflected shot,Unknown,65,
13,Arsenal,Fulham,Arsenal,Thomas Vermaelen,Cross from open play,Head,82,
13,Bolton Wanderers,Everton,Everton,Marouane Fellaini,Shot inside goal area,Foot,49,
13,Bolton Wanderers,Everton,Everton,Apostolos Vellios,Shot inside goal area,Foot,78,
13,Chelsea,Wolverhampton Wanderers,Chelsea,John Terry,Cross from corner kick,Head,7,
13,Chelsea,Wolverhampton Wanderers,Chelsea,Daniel Sturridge,Cross from open play,Foot,30,
13,Chelsea,Wolverhampton Wanderers,Chelsea,Juan Mata,Shot inside goal area,Foot,45,
13,Liverpool,Manchester City,Manchester City,Vincent Kompany,Cross from corner kick,Head,31,
13,Liverpool,Manchester City,Liverpool,Joleon Lescott,Deflected shot,Unknown,33,
13,Manchester United,Newcastle United,Manchester United,Javier Hernández,Shot inside goal area,Unknown,49,
13,Norwich City,Queens Park Rangers,Norwich City,Russell Martin,Cross from corner kick,Foot,15,
13,Norwich City,Queens Park Rangers,Queens Park Rangers,Luke Young,Shot following rebound,Foot,59,
13,Norwich City,Queens Park Rangers,Norwich City,Grant Holt,Cross from open play,Foot,73,
13,Stoke City,Blackburn Rovers,Stoke City,Rory Delap,Shot inside goal area,Head,28,
13,Stoke City,Blackburn Rovers,Stoke City,Glenn Whelan,Shot outside penalty area,Foot,58,
13,Stoke City,Blackburn Rovers,Stoke City,Peter Crouch,Shot inside penalty area,Foot,72,
13,Stoke City,Blackburn Rovers,Blackburn Rovers,Rubén Rochina,Shot inside penalty area,Foot,86,
13,Sunderland,Wigan Athletic,Sunderland,Sebastian Larsson,Shot following rebound,Foot,8,
13,Sunderland,Wigan Athletic,Wigan Athletic,Franco Di Santo,Shot inside goal area,Foot,90,3
13,West Bromwich Albion,Tottenham Hotspur,West Bromwich Albion,Youssouf Mulumbu,Cross from open play,Head,10,
13,West Bromwich Albion,Tottenham Hotspur,Tottenham Hotspur,Emmanuel Adebayor,Shot following rebound,Foot,26,
13,West Bromwich Albion,Tottenham Hotspur,Tottenham Hotspur,Jermain Defoe,Through pass creates 1-v-1,Foot,81,
13,West Bromwich Albion,Tottenham Hotspur,Tottenham Hotspur,Emmanuel Adebayor,Shot inside penalty area,Foot,90,3
14,Aston Villa,Manchester United,Manchester United,Phil Jones,Cross from open play,Right foot,20,
14,Blackburn Rovers,Swansea City,Blackburn Rovers,Yakubu,Shot outside penalty area,Left foot,20,
14,Blackburn Rovers,Swansea City,Swansea City,Leroy Lita,Cross from open play,Head,35,
14,Blackburn Rovers,Swansea City,Blackburn Rovers,Yakubu,Shot following rebound,Head,45,2
14,Blackburn Rovers,Swansea City,Blackburn Rovers,Yakubu,Shot inside goal area,Head,57,
14,Blackburn Rovers,Swansea City,Swansea City,Luke Moore,Cross from open play,Right foot,66,
14,Everton,Stoke City,Stoke City,Robert Huth,Shot following rebound,Left foot,14,
14,Fulham,Liverpool,Fulham,Clint Dempsey,Shot following rebound,Left foot,85,
14,Manchester City,Norwich City,Manchester City,Sergio Agüero,Shot inside penalty area,Right foot,32,
14,Manchester City,Norwich City,Manchester City,Samir Nasri,Direct from free kick,Right foot,51,
14,Manchester City,Norwich City,Manchester City,Yaya Touré,Shot inside penalty area,Right foot,68,
14,Manchester City,Norwich City,Norwich City,Steve Morison,Cross from open play,Head,81,
14,Manchester City,Norwich City,Manchester City,Mario Balotelli,Shot inside goal area,Other,88,
14,Manchester City,Norwich City,Manchester City,Adam Johnson,Shot inside penalty area,Left foot,90,1
14,Newcastle United,Chelsea,Chelsea,Didier Drogba,Cross from open play,Head,38,
14,Newcastle United,Chelsea,Chelsea,Salomon Kalou,Shot inside penalty area,Right foot,89,
14,Newcastle United,Chelsea,Chelsea,Daniel Sturridge,Shot outside penalty area,Left foot,90,2
14,Queens Park Rangers,West Bromwich Albion,Queens Park Rangers,Heiðar Helguson,Cross from open play,Head,20,
14,Queens Park Rangers,West Bromwich Albion,West Bromwich Albion,Shane Long,Cross from open play,Right foot,81,
14,Tottenham Hotspur,Bolton Wanderers,Tottenham Hotspur,Gareth Bale,Cross from corner kick,Left foot,7,
14,Tottenham Hotspur,Bolton Wanderers,Tottenham Hotspur,Aaron Lennon,Shot inside penalty area,Right foot,50,
14,Tottenham Hotspur,Bolton Wanderers,Tottenham Hotspur,Jermain Defoe,Flick on from corner kick,Right foot,60,
14,Wigan Athletic,Arsenal,Arsenal,Mikel Arteta,Shot outside penalty area,Right foot,28,
14,Wigan Athletic,Arsenal,Arsenal,Thomas Vermaelen,Cross from open play,Head,29,
14,Wigan Athletic,Arsenal,Arsenal,Gervinho,Shot following rebound,Right foot,61,
14,Wigan Athletic,Arsenal,Arsenal,Robin van Persie,Shot inside penalty area,Right foot,78,
14,Wolverhampton Wanderers,Sunderland,Sunderland,Kieran Richardson,Shot inside penalty area,Left foot,52,
14,Wolverhampton Wanderers,Sunderland,Wolverhampton Wanderers,Steven Fletcher,Cross from open play,Head,73,
14,Wolverhampton Wanderers,Sunderland,Wolverhampton Wanderers,Steven Fletcher,Shot inside penalty area,Left foot,81,
15,Arsenal,Everton,Arsenal,Robin van Persie,Shot inside penalty area,Left foot,70,
15,Bolton Wanderers,Aston Villa,Aston Villa,Marc Albrighton,Shot inside goal area,Left foot,33,
15,Bolton Wanderers,Aston Villa,Aston Villa,Stiliyan Petrov,Shot outside penalty area,Foot,39,
15,Bolton Wanderers,Aston Villa,Bolton Wanderers,Ivan Klasnić,Shot inside goal area,Left foot,55,
15,Chelsea,Manchester City,Manchester City,Mario Balotelli,Shot inside goal area,Right foot,2,
15,Chelsea,Manchester City,Chelsea,Raul Meireles,Shot inside goal area,Right foot,34,
15,Liverpool,Queens Park Rangers,Liverpool,Luis Suárez,Cross from open play,Head,47,
15,Manchester United,Wolverhampton Wanderers,Manchester United,Nani,Shot outside penalty area,Right foot,17,
15,Manchester United,Wolverhampton Wanderers,Manchester United,Wayne Rooney,Shot outside penalty area,Right foot,27,
15,Manchester United,Wolverhampton Wanderers,Wolverhampton Wanderers,Steven Fletcher,Cross from open play,Head,47,
15,Manchester United,Wolverhampton Wanderers,Manchester United,Nani,Shot inside goal area,Right foot,56,
15,Manchester United,Wolverhampton Wanderers,Manchester United,Wayne Rooney,Shot inside goal area,Right foot,62,
15,Norwich City,Newcastle United,Norwich City,Wes Hoolahan,Cross from corner kick,Right foot,39,
15,Norwich City,Newcastle United,Newcastle United,Demba Ba,Through pass creates 1-v-1,Right foot,45,1
15,Norwich City,Newcastle United,Norwich City,Grant Holt,Cross from open play,Head,59,
15,Norwich City,Newcastle United,Norwich City,Steve Morison,Cross from open play,Head,63,
15,Norwich City,Newcastle United,Newcastle United,Demba Ba,Through pass creates 1-v-1,Left foot,71,
15,Norwich City,Newcastle United,Norwich City,Grant Holt,Cross from free kick,Head,82,
15,Stoke City,Tottenham Hotspur,Stoke City,Matthew Etherington,Shot following rebound,Right foot,13,
15,Stoke City,Tottenham Hotspur,Stoke City,Matthew Etherington,Shot inside goal area,Left foot,43,
15,Sunderland,Blackburn Rovers,Blackburn Rovers,Simon Vukčević,Shot following rebound,Head,17,
15,Sunderland,Blackburn Rovers,Sunderland,David Vaughan,Shot outside penalty area,Foot,84,
15,Sunderland,Blackburn Rovers,Sunderland,Sebastian Larsson,Direct from free kick,Foot,90,2
15,Swansea City,Fulham,Swansea City,Scott Sinclair,Cross from open play,Right foot,56,
15,Swansea City,Fulham,Swansea City,Danny Graham,Cross from corner kick,Right foot,90,1
15,West Bromwich Albion,Wigan Athletic,West Bromwich Albion,Steven Reid,Direct from free kick,Foot,33,
15,West Bromwich Albion,Wigan Athletic,Wigan Athletic,Victor Moses,Shot inside penalty area,Right foot,37,
16,Aston Villa,Liverpool,Liverpool,Craig Bellamy,Shot following rebound,Right foot,11,
16,Aston Villa,Liverpool,Liverpool,Martin Škrtel,Cross from corner kick,Head,15,
16,Blackburn Rovers,West Bromwich Albion,West Bromwich Albion,James Morrison,Shot outside penalty area,Right foot,52,
16,Blackburn Rovers,West Bromwich Albion,Blackburn Rovers,Scott Dann,Shot inside goal area,Right foot,72,
16,Blackburn Rovers,West Bromwich Albion,West Bromwich Albion,Peter Odemwingie,Shot outside penalty area,Left foot,89,
16,Everton,Norwich City,Norwich City,Grant Holt,Shot inside goal area,Left foot,28,
16,Everton,Norwich City,Everton,Leon Osman,Shot following rebound,Right foot,81,
16,Fulham,Bolton Wanderers,Fulham,Clint Dempsey,Cross from open play,Head,32,
16,Fulham,Bolton Wanderers,Fulham,Bryan Ruiz,Shot inside penalty area,Left foot,34,
16,Manchester City,Arsenal,Manchester City,David Silva,Shot inside goal area,Right foot,53,
16,Queens Park Rangers,Manchester United,Manchester United,Wayne Rooney,Cross from open play,Head,1,
16,Queens Park Rangers,Manchester United,Manchester United,Michael Carrick,Shot inside penalty area,Foot,56,
16,Tottenham Hotspur,Sunderland,Tottenham Hotspur,Roman Pavlyuchenko,Shot outside penalty area,Right foot,61,
16,Wigan Athletic,Chelsea,Chelsea,Daniel Sturridge,Cross from open play,Right foot,59,
16,Wigan Athletic,Chelsea,Wigan Athletic,Jordi Gómez,Shot following rebound,Left foot,88,
16,Wolverhampton Wanderers,Stoke City,Stoke City,Kevin Doyle,Deflected shot,Unknown,58,
16,Wolverhampton Wanderers,Stoke City,Stoke City,Peter Crouch,Cross from open play,Head,70,
17,Aston Villa,Arsenal,Aston Villa,Marc Albrighton,Shot inside penalty area,Right foot,54,
17,Aston Villa,Arsenal,Arsenal,Yossi Benayoun,Cross from corner kick,Head,87,
17,Blackburn Rovers,Bolton Wanderers,Bolton Wanderers,Mark Davies,Shot inside penalty area,Left foot,5,
17,Blackburn Rovers,Bolton Wanderers,Bolton Wanderers,Nigel Reo-Coker,Cross from open play,Unknown,30,
17,Blackburn Rovers,Bolton Wanderers,Blackburn Rovers,Yakubu,Shot inside penalty area,Right foot,67,
17,Everton,Swansea City,Everton,Leon Osman,Cross from corner kick,Head,60,
17,Fulham,Manchester United,Manchester United,Danny Welbeck,Shot inside penalty area,Left foot,5,
17,Fulham,Manchester United,Manchester United,Nani,Cross from open play,Head,28,
17,Fulham,Manchester United,Manchester United,Ryan Giggs,Shot inside penalty area,Left foot,43,
17,Fulham,Manchester United,Manchester United,Wayne Rooney,Shot outside penalty area,Foot,88,
17,Fulham,Manchester United,Manchester United,Dimitar Berbatov,Shot inside goal area,Right foot,90,
17,Manchester City,Stoke City,Manchester City,Sergio Agüero,Shot following rebound,Left foot,29,
17,Manchester City,Stoke City,Manchester City,Adam Johnson,Shot outside penalty area,Foot,36,
17,Manchester City,Stoke City,Manchester City,Sergio Agüero,Shot inside goal area,Right foot,54,
17,Newcastle United,West Bromwich Albion,West Bromwich Albion,Peter Odemwingie,Shot inside penalty area,Left foot,20,
17,Newcastle United,West Bromwich Albion,Newcastle United,Demba Ba,Direct from free kick,Right foot,34,
17,Newcastle United,West Bromwich Albion,West Bromwich Albion,Gareth McAuley,Flick on from direct free kick,Head,44,
17,Newcastle United,West Bromwich Albion,Newcastle United,Demba Ba,Shot inside penalty area,Right foot,81,
17,Newcastle United,West Bromwich Albion,West Bromwich Albion,Paul Scharner,Shot inside penalty area,Right foot,85,
17,Queens Park Rangers,Sunderland,Sunderland,Nicklas Bendtner,Cross from free kick,Head,19,
17,Queens Park Rangers,Sunderland,Sunderland,Stéphane Sessègnon,Shot inside goal area,Foot,53,
17,Queens Park Rangers,Sunderland,Queens Park Rangers,Heiðar Helguson,Shot inside goal area,Left foot,63,
17,Queens Park Rangers,Sunderland,Queens Park Rangers,Jamie Mackie,Shot inside goal area,Head,67,
17,Queens Park Rangers,Sunderland,Sunderland,Wes Brown,Cross from corner kick,Head,89,
17,Tottenham Hotspur,Chelsea,Tottenham Hotspur,Emmanuel Adebayor,Shot inside goal area,Right foot,8,
17,Tottenham Hotspur,Chelsea,Chelsea,Daniel Sturridge,Cross from open play,Left foot,23,
17,Wolverhampton Wanderers,Norwich City,Norwich City,Andrew Surman,Cross from corner kick,Head,12,
17,Wolverhampton Wanderers,Norwich City,Wolverhampton Wanderers,Sylvain Ebanks-Blake,Shot following rebound,Left foot,37,
17,Wolverhampton Wanderers,Norwich City,Norwich City,Simeon Jackson,Shot inside goal area,Right foot,76,
17,Wolverhampton Wanderers,Norwich City,Wolverhampton Wanderers,Ronald Zubar,Cross from corner kick,Head,82,
18,Arsenal,Wolverhampton Wanderers,Arsenal,Gervinho,Shot inside penalty area,Left foot,8,
18,Arsenal,Wolverhampton Wanderers,Wolverhampton Wanderers,Steven Fletcher,Shot following rebound,Head,38,
18,Bolton Wanderers,Newcastle United,Newcastle United,Hatem Ben Arfa,Shot inside penalty area,Left foot,69,
18,Bolton Wanderers,Newcastle United,Newcastle United,Demba Ba,Shot inside goal area,Right foot,71,
18,Chelsea,Fulham,Chelsea,Juan Mata,Shot inside penalty area,Left foot,47,
18,Chelsea,Fulham,Fulham,Clint Dempsey,Shot inside goal area,Right foot,56,
18,Liverpool,Blackburn Rovers,Blackburn Rovers,Charlie Adam,Cross from corner kick,Unknown,45,
18,Liverpool,Blackburn Rovers,Liverpool,Maxi Rodríguez,Cross from open play,Head,53,
18,Manchester United,Wigan Athletic,Manchester United,Park Ji-Sung,Shot inside penalty area,Right foot,8,
18,Manchester United,Wigan Athletic,Manchester United,Dimitar Berbatov,Cross from open play,Left foot,41,
18,Manchester United,Wigan Athletic,Manchester United,Dimitar Berbatov,Shot inside penalty area,Right foot,58,
18,Manchester United,Wigan Athletic,Manchester United,Antonio Valencia,Shot outside penalty area,Right foot,75,
18,Norwich City,Tottenham Hotspur,Tottenham Hotspur,Gareth Bale,Shot inside penalty area,Left foot,55,
18,Norwich City,Tottenham Hotspur,Tottenham Hotspur,Gareth Bale,Shot inside penalty area,Left foot,67,
18,Sunderland,Everton,Sunderland,Jack Colback,Deflected shot,Left foot,26,
18,Swansea City,Queens Park Rangers,Swansea City,Danny Graham,Cross from open play,Right foot,14,
18,Swansea City,Queens Park Rangers,Queens Park Rangers,Jamie Mackie,Through pass creates 1-v-1,Right foot,58,
19,Arsenal,Queens Park Rangers,Arsenal,Robin van Persie,Shot inside penalty area,Left foot,60,
19,Bolton Wanderers,Wolverhampton Wanderers,Bolton Wanderers,Sam Ricketts,Shot inside penalty area,Right foot,22,
19,Bolton Wanderers,Wolverhampton Wanderers,Wolverhampton Wanderers,Steven Fletcher,Cross from free kick,Head,49,
19,Chelsea,Aston Villa,Aston Villa,Stephen Ireland,Shot following rebound,Left foot,28,
19,Chelsea,Aston Villa,Aston Villa,Stiliyan Petrov,Shot inside goal area,Left foot,83,
19,Chelsea,Aston Villa,Aston Villa,Darren Bent,Shot inside penalty area,Right foot,86,
19,Liverpool,Newcastle United,Newcastle United,Daniel Agger,Deflected shot,Unknown,25,
19,Liverpool,Newcastle United,Liverpool,Craig Bellamy,Shot following rebound,Right foot,29,
19,Liverpool,Newcastle United,Liverpool,Craig Bellamy,Direct from free kick,Right foot,67,
19,Liverpool,Newcastle United,Liverpool,Steven Gerrard,Shot inside penalty area,Left foot,78,
19,Manchester United,Blackburn Rovers,Blackburn Rovers,Yakubu,Shot inside penalty area,Left foot,51,
19,Manchester United,Blackburn Rovers,Manchester United,Dimitar Berbatov,Shot following rebound,Head,52,
19,Manchester United,Blackburn Rovers,Manchester United,Dimitar Berbatov,Shot inside goal area,Left foot,62,
19,Manchester United,Blackburn Rovers,Blackburn Rovers,Grant Hanley,Cross from corner kick,Head,80,
19,Norwich City,Fulham,Fulham,Orlando Sá,Shot outside penalty area,Right foot,7,
19,Norwich City,Fulham,Norwich City,Simeon Jackson,Cross from open play,Head,90,4
19,Stoke City,Wigan Athletic,Wigan Athletic,Victor Moses,Shot inside penalty area,Right foot,45,
19,Stoke City,Wigan Athletic,Stoke City,Cameron Jerome,Shot inside penalty area,Right foot,84,
19,Sunderland,Manchester City,Sunderland,Ji Dong-Won,Through pass creates 1-v-1,Left foot,90,3
19,Swansea City,Tottenham Hotspur,Tottenham Hotspur,Rafael van der Vaart,Deflected shot,Unknown,44,
19,Swansea City,Tottenham Hotspur,Swansea City,Scott Sinclair,Shot inside goal area,Foot,84,
19,West Bromwich Albion,Everton,Everton,Victor Anichebe,Shot inside goal area,Left foot,87,
20,Aston Villa,Swansea City,Swansea City,Nathan Dyer,Shot outside penalty area,Right foot,4,
20,Aston Villa,Swansea City,Swansea City,Wayne Routledge,Shot following rebound,Left foot,47,
20,Blackburn Rovers,Stoke City,Stoke City,Peter Crouch,Cross from open play,Right foot,17,
20,Blackburn Rovers,Stoke City,Stoke City,Peter Crouch,Cross from open play,Left foot,45,
20,Blackburn Rovers,Stoke City,Blackburn Rovers,David Goodwillie,Shot following rebound,Left foot,69,
20,Everton,Bolton Wanderers,Everton,Tim Howard,Shot outside penalty area,Right foot,63,
20,Everton,Bolton Wanderers,Bolton Wanderers,David Ngog,Shot inside penalty area,Left foot,67,
20,Everton,Bolton Wanderers,Bolton Wanderers,Gary Cahill,Shot inside penalty area,Right foot,78,
20,Fulham,Arsenal,Fulham,Laurent Koscielny,Cross from open play,Head,21,
20,Fulham,Arsenal,Fulham,Steve Sidwell,Flick on from corner kick,Head,85,
20,Fulham,Arsenal,Fulham,Bobby Zamora,Cross from open play,Left foot,90,2
20,Manchester City,Liverpool,Manchester City,Sergio Agüero,Shot outside penalty area,Right foot,10,
20,Manchester City,Liverpool,Manchester City,Yaya Touré,Cross from corner kick,Head,33,
20,Newcastle United,Manchester United,Newcastle United,Demba Ba,Shot inside penalty area,Right foot,33,
20,Newcastle United,Manchester United,Newcastle United,Yohan Cabaye,Direct from free kick,Right foot,47,
20,Newcastle United,Manchester United,Newcastle United,Phil Jones,Cross from free kick,Other,90,
20,Queens Park Rangers,Norwich City,Queens Park Rangers,Joey Barton,Shot inside penalty area,Right foot,11,
20,Queens Park Rangers,Norwich City,Norwich City,Anthony Pilkington,Shot outside penalty area,Left foot,42,
20,Queens Park Rangers,Norwich City,Norwich City,Steve Morison,Shot inside goal area,Right foot,83,
20,Tottenham Hotspur,West Bromwich Albion,Tottenham Hotspur,Jermain Defoe,Shot inside penalty area,Right foot,63,
20,Wigan Athletic,Sunderland,Sunderland,Craig Gardner,Direct from free kick,Foot,45,4
20,Wigan Athletic,Sunderland,Sunderland,James McClean,Cross from open play,Head,55,
20,Wigan Athletic,Sunderland,Wigan Athletic,Hugo Rodallega,Shot outside penalty area,Right foot,62,
20,Wigan Athletic,Sunderland,Sunderland,Stéphane Sessègnon,Shot inside goal area,Left foot,73,
20,Wigan Athletic,Sunderland,Sunderland,David Vaughan,Shot following rebound,Left foot,80,
20,Wolverhampton Wanderers,Chelsea,Chelsea,Ramires,Flick on from corner kick,Left foot,54,
20,Wolverhampton Wanderers,Chelsea,Wolverhampton Wanderers,Stephen Ward,Shot inside goal area,Left foot,84,
20,Wolverhampton Wanderers,Chelsea,Chelsea,Frank Lampard,Cross from open play,Right foot,89,
21,Aston Villa,Everton,Aston Villa,Darren Bent,Shot inside penalty area,Right foot,56,
21,Aston Villa,Everton,Everton,Victor Anichebe,Shot inside penalty area,Right foot,69,
21,Blackburn Rovers,Fulham,Blackburn Rovers,Morten Gamst Pedersen,Cross from free kick,Left foot,45,4
21,Blackburn Rovers,Fulham,Blackburn Rovers,David Dunn,Shot following rebound,Right foot,46,
21,Blackburn Rovers,Fulham,Fulham,Damien Duff,Shot inside penalty area,Right foot,56,
21,Blackburn Rovers,Fulham,Blackburn Rovers,Mauro Formica,Shot inside penalty area,Left foot,79,
21,Chelsea,Sunderland,Chelsea,Frank Lampard,Shot following rebound,Foot,13,
21,Manchester United,Bolton Wanderers,Manchester United,Paul Scholes,Shot inside goal area,Right foot,45,2
21,Manchester United,Bolton Wanderers,Manchester United,Danny Welbeck,Shot inside penalty area,Right foot,74,
21,Manchester United,Bolton Wanderers,Manchester United,Michael Carrick,Shot outside penalty area,Foot,83,
21,Newcastle United,Queens Park Rangers,Newcastle United,Leon Best,Shot inside goal area,Right foot,37,
21,Swansea City,Arsenal,Arsenal,Robin van Persie,Shot inside penalty area,Right foot,5,
21,Swansea City,Arsenal,Swansea City,Nathan Dyer,Cross from open play,Right foot,57,
21,Swansea City,Arsenal,Arsenal,Theo Walcott,Through pass creates 1-v-1,Right foot,69,
21,Swansea City,Arsenal,Swansea City,Danny Graham,Shot inside penalty area,Right foot,70,
21,Tottenham Hotspur,Wolverhampton Wanderers,Wolverhampton Wanderers,Steven Fletcher,Shot following rebound,Head,22,
21,Tottenham Hotspur,Wolverhampton Wanderers,Tottenham Hotspur,Luka Modrić,Shot outside penalty area,Right foot,51,
21,West Bromwich Albion,Norwich City,Norwich City,Andrew Surman,Cross from open play,Left foot,43,
21,West Bromwich Albion,Norwich City,Norwich City,Steve Morison,Cross from open play,Head,79,
21,Wigan Athletic,Manchester City,Manchester City,Edin Džeko,Cross from free kick,Head,22,
22,Arsenal,Manchester United,Manchester United,Antonio Valencia,Cross from open play,Head,45,1
22,Arsenal,Manchester United,Arsenal,Robin van Persie,Shot inside penalty area,Left foot,71,
22,Arsenal,Manchester United,Manchester United,Danny Welbeck,Shot inside penalty area,Right foot,81,
22,Bolton Wanderers,Liverpool,Bolton Wanderers,Mark Davies,Shot inside penalty area,Left foot,4,
22,Bolton Wanderers,Liverpool,Bolton Wanderers,Nigel Reo-Coker,Shot inside goal area,Right foot,29,
22,Bolton Wanderers,Liverpool,Liverpool,Craig Bellamy,Shot inside penalty area,Right foot,37,
22,Bolton Wanderers,Liverpool,Bolton Wanderers,Grétar Steinsson,Shot inside penalty area,Right foot,50,
22,Everton,Blackburn Rovers,Everton,Tim Cahill,Flick on from corner kick,Right foot,24,
22,Everton,Blackburn Rovers,Blackburn Rovers,David Goodwillie,Cross from free kick,Left foot,72,
22,Fulham,Newcastle United,Newcastle United,Danny Guthrie,Shot outside penalty area,Foot,43,
22,Fulham,Newcastle United,Fulham,Clint Dempsey,Shot following rebound,Foot,59,
22,Fulham,Newcastle United,Fulham,Clint Dempsey,Shot inside penalty area,Right foot,65,
22,Fulham,Newcastle United,Newcastle United,Hatem Ben Arfa,Shot inside penalty area,Right foot,85,
22,Fulham,Newcastle United,Fulham,Clint Dempsey,Shot inside penalty area,Right foot,89,
22,Manchester City,Tottenham Hotspur,Manchester City,Samir Nasri,Shot outside penalty area,Right foot,56,
22,Manchester City,Tottenham Hotspur,Manchester City,Joleon Lescott,Flick on from corner kick,Other,59,
22,Manchester City,Tottenham Hotspur,Tottenham Hotspur,Jermain Defoe,Shot outside penalty area,Right foot,60,
22,Manchester City,Tottenham Hotspur,Tottenham Hotspur,Gareth Bale,Shot outside penalty area,Left foot,65,
22,Queens Park Rangers,Wigan Athletic,Queens Park Rangers,Ákos Buzsáky,Direct from free kick,Foot,45,
22,Queens Park Rangers,Wigan Athletic,Wigan Athletic,Hugo Rodallega,Direct from free kick,Foot,66,
22,Queens Park Rangers,Wigan Athletic,Queens Park Rangers,Tommy Smith,Shot outside penalty area,Foot,81,
22,Stoke City,West Bromwich Albion,West Bromwich Albion,James Morrison,Shot outside penalty area,Foot,35,
22,Stoke City,West Bromwich Albion,Stoke City,Cameron Jerome,Cross from open play,Head,86,
22,Stoke City,West Bromwich Albion,West Bromwich Albion,Graham Dorrans,Direct from free kick,Foot,90,1
22,Sunderland,Swansea City,Sunderland,Stéphane Sessègnon,Shot inside penalty area,Right foot,14,
22,Sunderland,Swansea City,Sunderland,Craig Gardner,Shot outside penalty area,Foot,85,
22,Wolverhampton Wanderers,Aston Villa,Wolverhampton Wanderers,Michael Kightly,Shot inside penalty area,Left foot,21,
22,Wolverhampton Wanderers,Aston Villa,Wolverhampton Wanderers,David Edwards,Cross from corner kick,Head,31,
22,Wolverhampton Wanderers,Aston Villa,Aston Villa,Robbie Keane,Shot following defensive giveaway,Right foot,51,
22,Wolverhampton Wanderers,Aston Villa,Aston Villa,Robbie Keane,Shot outside penalty area,Foot,84,
23,Aston Villa,Queens Park Rangers,Queens Park Rangers,Djibril Cissé,Shot following rebound,Right foot,12,
23,Aston Villa,Queens Park Rangers,Queens Park Rangers,Stephen Warnock,Cross from open play,Head,28,
23,Aston Villa,Queens Park Rangers,Aston Villa,Darren Bent,Shot inside goal area,Right foot,45,
23,Aston Villa,Queens Park Rangers,Aston Villa,Charles N'Zogbia,Cross from open play,Left foot,79,
23,Blackburn Rovers,Newcastle United,Newcastle United,Scott Dann,Deflected shot,Unknown,12,
23,Blackburn Rovers,Newcastle United,Newcastle United,Gabriel Obertan,Through pass creates 1-v-1,Right foot,90,2
23,Everton,Manchester City,Everton,Darron Gibson,Deflected shot,Right foot,60,
23,Fulham,West Bromwich Albion,Fulham,Clint Dempsey,Shot inside penalty area,Right foot,69,
23,Fulham,West Bromwich Albion,West Bromwich Albion,Somen Tchoyi,Shot inside goal area,Right foot,85,
23,Sunderland,Norwich City,Sunderland,Fraizer Campbell,Shot outside penalty area,Foot,21,
23,Sunderland,Norwich City,Sunderland,Stéphane Sessègnon,Cross from open play,Head,28,
23,Sunderland,Norwich City,Sunderland,Daniel Ayala,Deflected shot,Unknown,54,
23,Swansea City,Chelsea,Swansea City,Scott Sinclair,Cross from free kick,Left foot,39,
23,Swansea City,Chelsea,Chelsea,Neil Taylor,Deflected shot,Unknown,90,3
23,Tottenham Hotspur,Wigan Athletic,Tottenham Hotspur,Gareth Bale,Shot inside goal area,Left foot,29,
23,Tottenham Hotspur,Wigan Athletic,Tottenham Hotspur,Luka Modrić,Shot outside penalty area,Right foot,34,
23,Tottenham Hotspur,Wigan Athletic,Tottenham Hotspur,Gareth Bale,Shot outside penalty area,Left foot,64,
23,Tottenham Hotspur,Wigan Athletic,Wigan Athletic,James McArthur,Shot inside penalty area,Left foot,80,
23,Wolverhampton Wanderers,Liverpool,Liverpool,Andy Carroll,Cross from open play,Left foot,52,
23,Wolverhampton Wanderers,Liverpool,Liverpool,Craig Bellamy,Shot outside penalty area,Right foot,61,
23,Wolverhampton Wanderers,Liverpool,Liverpool,Dirk Kuyt,Shot inside penalty area,Right foot,78,
24,Arsenal,Blackburn Rovers,Arsenal,Robin van Persie,Shot inside goal area,Left foot,2,
24,Arsenal,Blackburn Rovers,Blackburn Rovers,Morten Gamst Pedersen,Direct from free kick,Left foot,31,
24,Arsenal,Blackburn Rovers,Arsenal,Robin van Persie,Shot inside goal area,Right foot,38,
24,Arsenal,Blackburn Rovers,Arsenal,Alex Oxlade-Chamberlain,Shot inside goal area,Right foot,40,
24,Arsenal,Blackburn Rovers,Arsenal,Mikel Arteta,Shot outside penalty area,Right foot,51,
24,Arsenal,Blackburn Rovers,Arsenal,Alex Oxlade-Chamberlain,Shot inside penalty area,Right foot,54,
24,Arsenal,Blackburn Rovers,Arsenal,Robin van Persie,Shot inside goal area,Right foot,62,
24,Arsenal,Blackburn Rovers,Arsenal,Thierry Henry,Shot inside penalty area,Right foot,90,3
24,Chelsea,Manchester United,Chelsea,Jonny Evans,Deflected shot,Unknown,36,
24,Chelsea,Manchester United,Chelsea,Juan Mata,Shot outside penalty area,Foot,46,
24,Chelsea,Manchester United,Chelsea,David Luiz,Cross from free kick,Head,50,
24,Chelsea,Manchester United,Manchester United,Javier Hernández,Cross from open play,Head,84,
24,Manchester City,Fulham,Manchester City,Chris Baird,Deflected shot,Unknown,30,
24,Manchester City,Fulham,Manchester City,Edin Džeko,Shot inside penalty area,Right foot,72,
24,Newcastle United,Aston Villa,Newcastle United,Demba Ba,Shot inside penalty area,Right foot,30,
24,Newcastle United,Aston Villa,Aston Villa,Robbie Keane,Cross from open play,Right foot,45,5
24,Newcastle United,Aston Villa,Newcastle United,Papiss Demba Cissé,Cross from open play,Left foot,71,
24,Norwich City,Bolton Wanderers,Norwich City,Andrew Surman,Shot inside penalty area,Right foot,69,
24,Norwich City,Bolton Wanderers,Norwich City,Anthony Pilkington,Shot following rebound,Foot,85,
24,Queens Park Rangers,Wolverhampton Wanderers,Queens Park Rangers,Bobby Zamora,Shot inside penalty area,Right foot,16,
24,Queens Park Rangers,Wolverhampton Wanderers,Wolverhampton Wanderers,Matthew Jarvis,Cross from corner kick,Right foot,46,
24,Queens Park Rangers,Wolverhampton Wanderers,Wolverhampton Wanderers,Kevin Doyle,Shot inside penalty area,Right foot,71,
24,Stoke City,Sunderland,Sunderland,James McClean,Shot inside penalty area,Right foot,60,
24,West Bromwich Albion,Swansea City,West Bromwich Albion,Marc-Antoine Fortuné,Shot inside goal area,Left foot,54,
24,West Bromwich Albion,Swansea City,Swansea City,Gylfi Sigurðsson,Cross from open play,Left foot,55,
24,West Bromwich Albion,Swansea City,Swansea City,Danny Graham,Shot inside goal area,Right foot,59,
24,Wigan Athletic,Everton,Wigan Athletic,Philip Neville,Deflected shot,Unknown,76,
24,Wigan Athletic,Everton,Everton,Victor Anichebe,Cross from corner kick,Head,83,
25,Aston Villa,Manchester City,Manchester City,Joleon Lescott,Shot inside goal area,Right foot,63,
25,Blackburn Rovers,Queens Park Rangers,Blackburn Rovers,Yakubu,Shot outside penalty area,Right foot,14,
25,Blackburn Rovers,Queens Park Rangers,Blackburn Rovers,Steven N'Zonzi,Shot inside penalty area,Left foot,23,
25,Blackburn Rovers,Queens Park Rangers,Blackburn Rovers,Nedum Onuoha,Deflected shot,Unknown,45,5
25,Blackburn Rovers,Queens Park Rangers,Queens Park Rangers,Jamie Mackie,Shot inside goal area,Left foot,71,
25,Blackburn Rovers,Queens Park Rangers,Queens Park Rangers,Jamie Mackie,Shot inside penalty area,Right foot,90,2
25,Bolton Wanderers,Wigan Athletic,Wigan Athletic,Gary Caldwell,Cross from corner kick,Head,43,
25,Bolton Wanderers,Wigan Athletic,Bolton Wanderers,Mark Davies,Shot outside penalty area,Left foot,67,
25,Bolton Wanderers,Wigan Athletic,Wigan Athletic,James McArthur,Shot following rebound,Foot,77,
25,Everton,Chelsea,Everton,Steven Pienaar,Shot inside penalty area,Left foot,5,
25,Everton,Chelsea,Everton,Denis Stracqualursi,Shot inside penalty area,Right foot,71,
25,Fulham,Stoke City,Fulham,Pavel Pogrebnyak,Shot following rebound,Left foot,16,
25,Fulham,Stoke City,Fulham,Thomas Sørensen,Deflected shot,Other,28,
25,Fulham,Stoke City,Stoke City,Ryan Shawcross,Cross from corner kick,Head,78,
25,Manchester United,Liverpool,Manchester United,Wayne Rooney,Cross from corner kick,Right foot,47,
25,Manchester United,Liverpool,Manchester United,Wayne Rooney,Shot inside penalty area,Left foot,50,
25,Manchester United,Liverpool,Liverpool,Luis Suárez,Cross from free kick,Unknown,80,
25,Sunderland,Arsenal,Sunderland,James McClean,Shot inside penalty area,Foot,70,
25,Sunderland,Arsenal,Arsenal,Aaron Ramsey,Shot outside penalty area,Right foot,75,
25,Sunderland,Arsenal,Arsenal,Thierry Henry,Cross from open play,Right foot,90,1
25,Swansea City,Norwich City,Swansea City,Danny Graham,Shot inside penalty area,Right foot,23,
25,Swansea City,Norwich City,Norwich City,Grant Holt,Cross from open play,Head,47,
25,Swansea City,Norwich City,Norwich City,Anthony Pilkington,Deflected shot,Right foot,51,
25,Swansea City,Norwich City,Norwich City,Grant Holt,Through pass creates 1-v-1,Right foot,63,
25,Tottenham Hotspur,Newcastle United,Tottenham Hotspur,Benoît Assou-Ekotto,Shot inside goal area,Left foot,4,
25,Tottenham Hotspur,Newcastle United,Tottenham Hotspur,Louis Saha,Cross from open play,Left foot,6,
25,Tottenham Hotspur,Newcastle United,Tottenham Hotspur,Louis Saha,Shot inside penalty area,Right foot,20,
25,Tottenham Hotspur,Newcastle United,Tottenham Hotspur,Niko Kranjčar,Shot inside penalty area,Left foot,34,
25,Tottenham Hotspur,Newcastle United,Tottenham Hotspur,Emmanuel Adebayor,Shot inside penalty area,Right foot,64,
25,Wolverhampton Wanderers,West Bromwich Albion,West Bromwich Albion,Peter Odemwingie,Shot outside penalty area,Left foot,34,
25,Wolverhampton Wanderers,West Bromwich Albion,Wolverhampton Wanderers,Steven Fletcher,Shot outside penalty area,Left foot,45,1
25,Wolverhampton Wanderers,West Bromwich Albion,West Bromwich Albion,Jonas Olsson,Shot inside penalty area,Left foot,64,
25,Wolverhampton Wanderers,West Bromwich Albion,West Bromwich Albion,Peter Odemwingie,Shot inside goal area,Left foot,77,
25,Wolverhampton Wanderers,West Bromwich Albion,West Bromwich Albion,Keith Andrews,Deflected shot,Foot,85,
25,Wolverhampton Wanderers,West Bromwich Albion,West Bromwich Albion,Peter Odemwingie,Shot inside goal area,Right foot,88,
26,Arsenal,Tottenham Hotspur,Tottenham Hotspur,Louis Saha,Deflected shot,Left foot,3,
26,Arsenal,Tottenham Hotspur,Arsenal,Bacary Sagna,Cross from open play,Head,40,
26,Arsenal,Tottenham Hotspur,Arsenal,Robin van Persie,Shot outside penalty area,Left foot,43,
26,Arsenal,Tottenham Hotspur,Arsenal,Tomáš Rosický,Shot inside goal area,Left foot,51,
26,Arsenal,Tottenham Hotspur,Arsenal,Theo Walcott,Shot inside goal area,Right foot,65,
26,Arsenal,Tottenham Hotspur,Arsenal,Theo Walcott,Shot inside penalty area,Right foot,68,
26,Chelsea,Bolton Wanderers,Chelsea,David Luiz,Shot inside penalty area,Right foot,48,
26,Chelsea,Bolton Wanderers,Chelsea,Didier Drogba,Cross from corner kick,Head,61,
26,Chelsea,Bolton Wanderers,Chelsea,Frank Lampard,Cross from open play,Right foot,79,
26,Liverpool,Everton,Liverpool,Steven Gerrard,Shot following rebound,Left foot,34,
26,Liverpool,Everton,Liverpool,Steven Gerrard,Shot inside penalty area,Right foot,51,
26,Liverpool,Everton,Liverpool,Steven Gerrard,Shot inside penalty area,Left foot,90,3
26,Manchester City,Blackburn Rovers,Manchester City,Mario Balotelli,Shot inside goal area,Left foot,30,
26,Manchester City,Blackburn Rovers,Manchester City,Sergio Agüero,Cross from corner kick,Right foot,52,
26,Manchester City,Blackburn Rovers,Manchester City,Edin Džeko,Cross from open play,Head,81,
26,Newcastle United,Wolverhampton Wanderers,Newcastle United,Papiss Demba Cissé,Shot following rebound,Left foot,6,
26,Newcastle United,Wolverhampton Wanderers,Newcastle United,Jonás Gutiérrez,Shot inside penalty area,Foot,18,
26,Newcastle United,Wolverhampton Wanderers,Wolverhampton Wanderers,Matthew Jarvis,Shot inside penalty area,Right foot,50,
26,Newcastle United,Wolverhampton Wanderers,Wolverhampton Wanderers,Kevin Doyle,Cross from free kick,Right foot,66,
26,Norwich City,Manchester United,Manchester United,Paul Scholes,Cross from open play,Head,7,
26,Norwich City,Manchester United,Norwich City,Grant Holt,Shot inside penalty area,Left foot,83,
26,Norwich City,Manchester United,Manchester United,Ryan Giggs,Cross from open play,Left foot,90,2
26,Queens Park Rangers,Fulham,Fulham,Pavel Pogrebnyak,Shot inside goal area,Left foot,7,
26,Stoke City,Swansea City,Stoke City,Matthew Upson,Cross from corner kick,Head,24,
26,Stoke City,Swansea City,Stoke City,Peter Crouch,Cross from throw-in,Head,39,
26,West Bromwich Albion,Sunderland,West Bromwich Albion,Peter Odemwingie,Cross from open play,Head,3,
26,West Bromwich Albion,Sunderland,West Bromwich Albion,James Morrison,Cross from open play,Head,41,
26,West Bromwich Albion,Sunderland,West Bromwich Albion,Peter Odemwingie,Shot outside penalty area,Left foot,48,
26,West Bromwich Albion,Sunderland,West Bromwich Albion,Keith Andrews,Shot inside penalty area,Right foot,90,1
27,Blackburn Rovers,Aston Villa,Aston Villa,Charles N'Zogbia,Shot inside penalty area,Left foot,24,
27,Blackburn Rovers,Aston Villa,Blackburn Rovers,David Dunn,Cross from open play,Head,85,
27,Fulham,Wolverhampton Wanderers,Fulham,Pavel Pogrebnyak,Cross from corner kick,Head,36,
27,Fulham,Wolverhampton Wanderers,Fulham,Pavel Pogrebnyak,Shot inside penalty area,Right foot,44,
27,Fulham,Wolverhampton Wanderers,Fulham,Clint Dempsey,Shot inside penalty area,Right foot,56,
27,Fulham,Wolverhampton Wanderers,Fulham,Pavel Pogrebnyak,Shot following rebound,Foot,61,
27,Fulham,Wolverhampton Wanderers,Fulham,Clint Dempsey,Shot inside penalty area,Left foot,83,
27,Liverpool,Arsenal,Liverpool,Laurent Koscielny,Cross from open play,Unknown,23,
27,Liverpool,Arsenal,Arsenal,Robin van Persie,Cross from open play,Head,31,
27,Liverpool,Arsenal,Arsenal,Robin van Persie,Shot inside penalty area,Left foot,90,2
27,Manchester City,Bolton Wanderers,Manchester City,Grétar Steinsson,Deflected shot,Unknown,23,
27,Manchester City,Bolton Wanderers,Manchester City,Mario Balotelli,Shot inside goal area,Right foot,69,
27,Newcastle United,Sunderland,Newcastle United,Shola Ameobi,Shot inside goal area,Right foot,90,1
27,Queens Park Rangers,Everton,Everton,Royston Drenthe,Shot outside penalty area,Foot,31,
27,Queens Park Rangers,Everton,Queens Park Rangers,Bobby Zamora,Cross from free kick,Head,36,
27,Stoke City,Norwich City,Stoke City,Matthew Etherington,Shot inside penalty area,Left foot,72,
27,Tottenham Hotspur,Manchester United,Manchester United,Wayne Rooney,Cross from corner kick,Head,45,
27,Tottenham Hotspur,Manchester United,Manchester United,Ashley Young,Shot following rebound,Right foot,60,
27,Tottenham Hotspur,Manchester United,Manchester United,Ashley Young,Shot outside penalty area,Right foot,69,
27,Tottenham Hotspur,Manchester United,Tottenham Hotspur,Jermain Defoe,Shot outside penalty area,Right foot,87,
27,West Bromwich Albion,Chelsea,West Bromwich Albion,Gareth McAuley,Shot inside goal area,Left foot,82,
27,Wigan Athletic,Swansea City,Swansea City,Gylfi Sigurðsson,Shot outside penalty area,Right foot,45,2
27,Wigan Athletic,Swansea City,Swansea City,Gylfi Sigurðsson,Direct from free kick,Foot,54,
28,Arsenal,Newcastle United,Newcastle United,Hatem Ben Arfa,Shot inside penalty area,Left foot,14,
28,Arsenal,Newcastle United,Arsenal,Robin van Persie,Shot inside penalty area,Left foot,15,
28,Arsenal,Newcastle United,Arsenal,Thomas Vermaelen,Shot inside goal area,Right foot,90,5
28,Aston Villa,Fulham,Aston Villa,Andreas Weimann,Shot following rebound,Foot,90,3
28,Bolton Wanderers,Queens Park Rangers,Bolton Wanderers,Darren Pratley,Cross from open play,Head,37,
28,Bolton Wanderers,Queens Park Rangers,Queens Park Rangers,Djibril Cissé,Shot inside penalty area,Right foot,48,
28,Bolton Wanderers,Queens Park Rangers,Bolton Wanderers,Ivan Klasnić,Shot inside penalty area,Left foot,86,
28,Chelsea,Stoke City,Chelsea,Didier Drogba,Shot inside goal area,Right foot,68,
28,Everton,Tottenham Hotspur,Everton,Nikica Jelavić,Shot inside goal area,Right foot,22,
28,Manchester United,West Bromwich Albion,Manchester United,Wayne Rooney,Shot inside penalty area,Left foot,35,
28,Norwich City,Wigan Athletic,Norwich City,Wes Hoolahan,Cross from throw-in,Left foot,10,
28,Norwich City,Wigan Athletic,Wigan Athletic,Victor Moses,Through pass creates 1-v-1,Left foot,68,
28,Sunderland,Liverpool,Sunderland,Nicklas Bendtner,Shot following rebound,Foot,56,
28,Swansea City,Manchester City,Swansea City,Luke Moore,Cross from open play,Head,83,
28,Wolverhampton Wanderers,Blackburn Rovers,Blackburn Rovers,Junior Hoilett,Cross from throw-in,Right foot,43,
28,Wolverhampton Wanderers,Blackburn Rovers,Blackburn Rovers,Junior Hoilett,Shot outside penalty area,Foot,69,
29,Aston Villa,Bolton Wanderers,Aston Villa,Stephen Warnock,Shot inside penalty area,Left foot,61,
29,Aston Villa,Bolton Wanderers,Bolton Wanderers,David Ngog,Shot inside penalty area,Right foot,63,
29,Blackburn Rovers,Sunderland,Blackburn Rovers,Junior Hoilett,Shot outside penalty area,Left foot,58,
29,Blackburn Rovers,Sunderland,Blackburn Rovers,Yakubu,Cross from open play,Head,86,
29,Everton,Arsenal,Arsenal,Thomas Vermaelen,Cross from corner kick,Head,8,
29,Fulham,Swansea City,Swansea City,Gylfi Sigurðsson,Cross from open play,Head,36,
29,Fulham,Swansea City,Swansea City,Gylfi Sigurðsson,Shot inside penalty area,Right foot,66,
29,Fulham,Swansea City,Swansea City,Joe Allen,Shot outside penalty area,Right foot,77,
29,Manchester City,Chelsea,Chelsea,Gary Cahill,Shot inside penalty area,Right foot,60,
29,Manchester City,Chelsea,Manchester City,Samir Nasri,Shot inside goal area,Right foot,85,
29,Newcastle United,Norwich City,Newcastle United,Papiss Demba Cissé,Shot inside penalty area,Right foot,11,
29,Queens Park Rangers,Liverpool,Liverpool,Sebastián Coates,Shot following rebound,Right foot,54,
29,Queens Park Rangers,Liverpool,Liverpool,Dirk Kuyt,Shot following rebound,Foot,72,
29,Queens Park Rangers,Liverpool,Queens Park Rangers,Shaun Derry,Cross from corner kick,Head,77,
29,Queens Park Rangers,Liverpool,Queens Park Rangers,Djibril Cissé,Cross from corner kick,Head,86,
29,Queens Park Rangers,Liverpool,Queens Park Rangers,Jamie Mackie,Shot inside penalty area,Right foot,90,1
29,Tottenham Hotspur,Stoke City,Stoke City,Cameron Jerome,Flick on from direct free kick,Right foot,75,
29,Tottenham Hotspur,Stoke City,Tottenham Hotspur,Rafael van der Vaart,Cross from open play,Head,90,3
29,Wigan Athletic,West Bromwich Albion,Wigan Athletic,James McArthur,Shot inside goal area,Right foot,54,
29,Wigan Athletic,West Bromwich Albion,West Bromwich Albion,Paul Scharner,Cross from corner kick,Head,65,
29,Wolverhampton Wanderers,Manchester United,Manchester United,Jonny Evans,Shot inside goal area,Right foot,21,
29,Wolverhampton Wanderers,Manchester United,Manchester United,Antonio Valencia,Shot inside goal area,Right foot,43,
29,Wolverhampton Wanderers,Manchester United,Manchester United,Danny Welbeck,Shot inside penalty area,Right foot,45,1
29,Wolverhampton Wanderers,Manchester United,Manchester United,Javier Hernández,Cross from open play,Head,56,
29,Wolverhampton Wanderers,Manchester United,Manchester United,Javier Hernández,Cross from open play,Right foot,61,
30,Arsenal,Aston Villa,Arsenal,Kieran Gibbs,Shot inside penalty area,Left foot,16,
30,Arsenal,Aston Villa,Arsenal,Theo Walcott,Shot inside goal area,Right foot,25,
30,Arsenal,Aston Villa,Arsenal,Mikel Arteta,Direct from free kick,Right foot,90,3
30,Bolton Wanderers,Blackburn Rovers,Bolton Wanderers,David Wheater,Cross from open play,Head,29,
30,Bolton Wanderers,Blackburn Rovers,Bolton Wanderers,David Wheater,Cross from corner kick,Head,35,
30,Bolton Wanderers,Blackburn Rovers,Blackburn Rovers,Steven N'Zonzi,Cross from throw-in,Head,56,
30,Liverpool,Wigan Athletic,Liverpool,Luis Suárez,Shot inside penalty area,Right foot,47,
30,Liverpool,Wigan Athletic,Wigan Athletic,Gary Caldwell,Shot following rebound,Right foot,63,
30,Manchester United,Fulham,Manchester United,Wayne Rooney,Shot inside goal area,Right foot,42,
30,Norwich City,Wolverhampton Wanderers,Wolverhampton Wanderers,Matthew Jarvis,Cross from open play,Right foot,25,
30,Norwich City,Wolverhampton Wanderers,Norwich City,Grant Holt,Shot inside penalty area,Head,26,
30,Stoke City,Manchester City,Stoke City,Peter Crouch,Shot outside penalty area,Right foot,59,
30,Stoke City,Manchester City,Manchester City,Yaya Touré,Shot outside penalty area,Right foot,76,
30,Sunderland,Queens Park Rangers,Sunderland,Nicklas Bendtner,Cross from open play,Head,41,
30,Sunderland,Queens Park Rangers,Sunderland,James McClean,Shot inside penalty area,Foot,70,
30,Sunderland,Queens Park Rangers,Sunderland,Stéphane Sessègnon,Shot inside goal area,Right foot,76,
30,Sunderland,Queens Park Rangers,Queens Park Rangers,Taye Taïwo,Direct from free kick,Foot,79,
30,Swansea City,Everton,Everton,Leighton Baines,Direct from free kick,Left foot,59,
30,Swansea City,Everton,Everton,Nikica Jelavić,Shot inside goal area,Right foot,76,
30,West Bromwich Albion,Newcastle United,Newcastle United,Papiss Demba Cissé,Shot inside goal area,Right foot,6,
30,West Bromwich Albion,Newcastle United,Newcastle United,Hatem Ben Arfa,Shot inside penalty area,Left foot,12,
30,West Bromwich Albion,Newcastle United,Newcastle United,Papiss Demba Cissé,Shot inside penalty area,Left foot,34,
30,West Bromwich Albion,Newcastle United,West Bromwich Albion,Shane Long,Shot inside penalty area,Left foot,52,
31,Aston Villa,Chelsea,Chelsea,Daniel Sturridge,Shot following rebound,Foot,9,
31,Aston Villa,Chelsea,Chelsea,Branislav Ivanović,Cross from corner kick,Right foot,51,
31,Aston Villa,Chelsea,Aston Villa,James Collins,Cross from throw-in,Head,77,
31,Aston Villa,Chelsea,Aston Villa,Eric Lichaj,Cross from open play,Right foot,80,
31,Aston Villa,Chelsea,Chelsea,Branislav Ivanović,Shot inside goal area,Head,83,
31,Aston Villa,Chelsea,Chelsea,Fernando Torres,Shot inside penalty area,Right foot,90,2
31,Blackburn Rovers,Manchester United,Manchester United,Antonio Valencia,Shot outside penalty area,Right foot,81,
31,Blackburn Rovers,Manchester United,Manchester United,Ashley Young,Shot outside penalty area,Right foot,86,
31,Everton,West Bromwich Albion,Everton,Gareth McAuley,Deflected shot,Unknown,18,
31,Everton,West Bromwich Albion,Everton,Victor Anichebe,Shot outside penalty area,Right foot,68,
31,Fulham,Norwich City,Fulham,Clint Dempsey,Shot following rebound,Foot,2,
31,Fulham,Norwich City,Fulham,Damien Duff,Shot inside penalty area,Left foot,13,
31,Fulham,Norwich City,Norwich City,Aaron Wilbraham,Shot inside penalty area,Right foot,77,
31,Manchester City,Sunderland,Sunderland,Sebastian Larsson,Shot outside penalty area,Right foot,31,
31,Manchester City,Sunderland,Sunderland,Nicklas Bendtner,Cross from open play,Head,45,4
31,Manchester City,Sunderland,Sunderland,Sebastian Larsson,Shot inside goal area,Right foot,55,
31,Manchester City,Sunderland,Manchester City,Mario Balotelli,Shot outside penalty area,Right foot,85,
31,Manchester City,Sunderland,Manchester City,Aleksandar Kolarov,Shot outside penalty area,Left foot,86,
31,Newcastle United,Liverpool,Newcastle United,Papiss Demba Cissé,Cross from open play,Head,19,
31,Newcastle United,Liverpool,Newcastle United,Papiss Demba Cissé,Shot inside goal area,Right foot,59,
31,Queens Park Rangers,Arsenal,Queens Park Rangers,Adel Taarabt,Shot outside penalty area,Right foot,22,
31,Queens Park Rangers,Arsenal,Arsenal,Theo Walcott,Shot inside penalty area,Left foot,37,
31,Queens Park Rangers,Arsenal,Queens Park Rangers,Samba Diakité,Shot inside penalty area,Right foot,66,
31,Tottenham Hotspur,Swansea City,Tottenham Hotspur,Rafael van der Vaart,Shot outside penalty area,Left foot,19,
31,Tottenham Hotspur,Swansea City,Swansea City,Gylfi Sigurðsson,Shot outside penalty area,Right foot,59,
31,Tottenham Hotspur,Swansea City,Tottenham Hotspur,Emmanuel Adebayor,Cross from corner kick,Head,73,
31,Tottenham Hotspur,Swansea City,Tottenham Hotspur,Emmanuel Adebayor,Cross from open play,Head,86,
31,Wigan Athletic,Stoke City,Wigan Athletic,Antolín Alcaraz,Cross from open play,Head,55,
31,Wigan Athletic,Stoke City,Wigan Athletic,Victor Moses,Shot inside penalty area,Foot,90,3
31,Wolverhampton Wanderers,Bolton Wanderers,Wolverhampton Wanderers,Michael Kightly,Shot outside penalty area,Left foot,53,
31,Wolverhampton Wanderers,Bolton Wanderers,Bolton Wanderers,Marcos Alonso Mendoza,Shot following rebound,Left foot,80,
31,Wolverhampton Wanderers,Bolton Wanderers,Bolton Wanderers,Kevin Davies,Through pass creates 1-v-1,Right foot,84,
31,Wolverhampton Wanderers,Bolton Wanderers,Wolverhampton Wanderers,Matthew Jarvis,Shot inside penalty area,Right foot,88,
32,Arsenal,Manchester City,Arsenal,Mikel Arteta,Shot outside penalty area,Right foot,87,
32,Bolton Wanderers,Fulham,Fulham,Clint Dempsey,Direct from free kick,Foot,29,
32,Bolton Wanderers,Fulham,Fulham,Clint Dempsey,Cross from open play,Head,45,
32,Bolton Wanderers,Fulham,Fulham,Mahamadou Diarra,Shot inside goal area,Left foot,80,
32,Chelsea,Wigan Athletic,Chelsea,Branislav Ivanović,Cross from open play,Right foot,62,
32,Chelsea,Wigan Athletic,Wigan Athletic,Mohamed Diamé,Shot inside penalty area,Left foot,82,
32,Chelsea,Wigan Athletic,Chelsea,Juan Mata,Shot following rebound,Foot,90,3
32,Liverpool,Aston Villa,Aston Villa,Chris Herd,Shot inside penalty area,Right foot,10,
32,Liverpool,Aston Villa,Liverpool,Luis Suárez,Cross from open play,Head,82,
32,Manchester United,Queens Park Rangers,Manchester United,Paul Scholes,Shot outside penalty area,Right foot,68,
32,Norwich City,Everton,Everton,Nikica Jelavić,Shot inside goal area,Right foot,22,
32,Norwich City,Everton,Norwich City,Jonathan Howson,Shot inside goal area,Right foot,39,
32,Norwich City,Everton,Everton,Nikica Jelavić,Shot inside penalty area,Left foot,61,
32,Norwich City,Everton,Norwich City,Grant Holt,Shot inside penalty area,Right foot,76,
32,Stoke City,Wolverhampton Wanderers,Wolverhampton Wanderers,Michael Kightly,Shot outside penalty area,Foot,26,
32,Stoke City,Wolverhampton Wanderers,Stoke City,Robert Huth,Shot outside penalty area,Right foot,37,
32,Stoke City,Wolverhampton Wanderers,Stoke City,Peter Crouch,Cross from free kick,Head,61,
32,Swansea City,Newcastle United,Newcastle United,Papiss Demba Cissé,Shot outside penalty area,Right foot,5,
32,Swansea City,Newcastle United,Newcastle United,Papiss Demba Cissé,Shot inside penalty area,Right foot,69,
32,West Bromwich Albion,Blackburn Rovers,West Bromwich Albion,Martin Olsson,Deflected shot,Unknown,7,
32,West Bromwich Albion,Blackburn Rovers,West Bromwich Albion,Marc-Antoine Fortuné,Cross from open play,Right foot,69,
32,West Bromwich Albion,Blackburn Rovers,West Bromwich Albion,Liam Ridgewell,Cross from free kick,Head,85,
33,Aston Villa,Stoke City,Aston Villa,Andreas Weimann,Shot outside penalty area,Right foot,32,
33,Aston Villa,Stoke City,Stoke City,Robert Huth,Cross from free kick,Head,71,
33,Blackburn Rovers,Liverpool,Liverpool,Maxi Rodríguez,Shot inside goal area,Right foot,13,
33,Blackburn Rovers,Liverpool,Liverpool,Maxi Rodríguez,Shot following rebound,Foot,16,
33,Blackburn Rovers,Liverpool,Blackburn Rovers,Yakubu,Cross from free kick,Head,36,
33,Blackburn Rovers,Liverpool,Liverpool,Andy Carroll,Shot inside penalty area,Head,90,1
33,Everton,Sunderland,Everton,Magaye Gueye,Shot following rebound,Left foot,52,
33,Everton,Sunderland,Everton,Steven Pienaar,Shot outside penalty area,Right foot,75,
33,Everton,Sunderland,Everton,Leon Osman,Shot outside penalty area,Right foot,76,
33,Everton,Sunderland,Everton,Victor Anichebe,Deflected shot,Right foot,81,
33,Fulham,Chelsea,Fulham,Clint Dempsey,Cross from corner kick,Head,82,
33,Manchester City,West Bromwich Albion,Manchester City,Sergio Agüero,Shot outside penalty area,Right foot,6,
33,Manchester City,West Bromwich Albion,Manchester City,Sergio Agüero,Shot inside goal area,Right foot,54,
33,Manchester City,West Bromwich Albion,Manchester City,Carlos Tevez,Shot inside penalty area,Right foot,61,
33,Manchester City,West Bromwich Albion,Manchester City,David Silva,Shot inside penalty area,Left foot,64,
33,Newcastle United,Bolton Wanderers,Newcastle United,Hatem Ben Arfa,Shot inside goal area,Left foot,73,
33,Newcastle United,Bolton Wanderers,Newcastle United,Papiss Demba Cissé,Cross from open play,Right foot,83,
33,Queens Park Rangers,Swansea City,Queens Park Rangers,Joey Barton,Cross from free kick,Right foot,45,1
33,Queens Park Rangers,Swansea City,Queens Park Rangers,Jamie Mackie,Shot outside penalty area,Left foot,55,
33,Queens Park Rangers,Swansea City,Queens Park Rangers,Ákos Buzsáky,Shot outside penalty area,Foot,67,
33,Tottenham Hotspur,Norwich City,Norwich City,Anthony Pilkington,Shot inside penalty area,Right foot,13,
33,Tottenham Hotspur,Norwich City,Tottenham Hotspur,Jermain Defoe,Shot inside penalty area,Right foot,33,
33,Tottenham Hotspur,Norwich City,Norwich City,Elliott Bennett,Shot outside penalty area,Right foot,66,
33,Wigan Athletic,Manchester United,Wigan Athletic,Shaun Maloney,Shot outside penalty area,Right foot,50,
33,Wolverhampton Wanderers,Arsenal,Arsenal,Theo Walcott,Shot inside penalty area,Right foot,11,
33,Wolverhampton Wanderers,Arsenal,Arsenal,Yossi Benayoun,Deflected shot,Foot,69,
34,Arsenal,Wigan Athletic,Wigan Athletic,Franco Di Santo,Shot inside goal area,Right foot,7,
34,Arsenal,Wigan Athletic,Wigan Athletic,Jordi Gómez,Contested scramble,Left foot,8,
34,Arsenal,Wigan Athletic,Arsenal,Thomas Vermaelen,Cross from open play,Head,21,
34,Bolton Wanderers,Tottenham Hotspur,Tottenham Hotspur,Luka Modrić,Shot outside penalty area,Foot,37,
34,Bolton Wanderers,Tottenham Hotspur,Bolton Wanderers,Nigel Reo-Coker,Shot inside penalty area,Right foot,51,
34,Bolton Wanderers,Tottenham Hotspur,Tottenham Hotspur,Rafael van der Vaart,Shot inside goal area,Left foot,60,
34,Bolton Wanderers,Tottenham Hotspur,Tottenham Hotspur,Emmanuel Adebayor,Shot inside goal area,Right foot,62,
34,Bolton Wanderers,Tottenham Hotspur,Tottenham Hotspur,Emmanuel Adebayor,Shot inside goal area,Right foot,69,
34,Chelsea,Newcastle United,Newcastle United,Papiss Demba Cissé,Shot inside goal area,Left foot,19,
34,Chelsea,Newcastle United,Newcastle United,Papiss Demba Cissé,Shot inside penalty area,Right foot,90,4
34,Liverpool,Fulham,Fulham,Martin Škrtel,Deflected shot,Unknown,5,
34,Manchester United,Aston Villa,Manchester United,Danny Welbeck,Shot inside goal area,Right foot,43,
34,Manchester United,Aston Villa,Manchester United,Wayne Rooney,Deflected shot,Unknown,73,
34,Manchester United,Aston Villa,Manchester United,Nani,Shot inside penalty area,Left foot,90,3
34,Norwich City,Manchester City,Manchester City,Carlos Tevez,Shot outside penalty area,Right foot,18,
34,Norwich City,Manchester City,Manchester City,Sergio Agüero,Shot inside penalty area,Right foot,27,
34,Norwich City,Manchester City,Norwich City,Andrew Surman,Shot following rebound,Right foot,51,
34,Norwich City,Manchester City,Manchester City,Carlos Tevez,Shot following rebound,Head,73,
34,Norwich City,Manchester City,Manchester City,Sergio Agüero,Shot inside penalty area,Right foot,75,
34,Norwich City,Manchester City,Manchester City,Carlos Tevez,Shot following defensive giveaway,Foot,80,
34,Norwich City,Manchester City,Manchester City,Adam Johnson,Shot inside penalty area,Left foot,90,3
34,Stoke City,Everton,Everton,Peter Crouch,Cross from open play,Unknown,44,
34,Stoke City,Everton,Stoke City,Cameron Jerome,Shot inside penalty area,Foot,69,
34,Swansea City,Blackburn Rovers,Swansea City,Gylfi Sigurðsson,Cross from open play,Left foot,37,
34,Swansea City,Blackburn Rovers,Swansea City,Nathan Dyer,Shot inside penalty area,Right foot,43,
34,Swansea City,Blackburn Rovers,Swansea City,Scott Dann,Deflected shot,Unknown,63,
34,West Bromwich Albion,Queens Park Rangers,West Bromwich Albion,Graham Dorrans,Deflected shot,Foot,22,
35,Blackburn Rovers,Norwich City,Blackburn Rovers,Mauro Formica,Cross from open play,Right foot,41,
35,Blackburn Rovers,Norwich City,Blackburn Rovers,Junior Hoilett,Shot outside penalty area,Foot,49,
35,Bolton Wanderers,Swansea City,Swansea City,Scott Sinclair,Shot outside penalty area,Right foot,6,
35,Bolton Wanderers,Swansea City,Bolton Wanderers,Chris Eagles,Cross from open play,Right foot,14,
35,Fulham,Wigan Athletic,Wigan Athletic,Emmerson Boyce,Shot outside penalty area,Right foot,57,
35,Fulham,Wigan Athletic,Fulham,Pavel Pogrebnyak,Shot outside penalty area,Left foot,58,
35,Fulham,Wigan Athletic,Fulham,Philippe Senderos,Cross from free kick,Head,89,
35,Liverpool,West Bromwich Albion,West Bromwich Albion,Peter Odemwingie,Shot inside penalty area,Right foot,75,
35,Manchester United,Everton,Everton,Nikica Jelavić,Cross from open play,Head,33,
35,Manchester United,Everton,Manchester United,Wayne Rooney,Cross from open play,Head,41,
35,Manchester United,Everton,Manchester United,Danny Welbeck,Shot outside penalty area,Right foot,57,
35,Manchester United,Everton,Manchester United,Nani,Shot inside goal area,Right foot,60,
35,Manchester United,Everton,Everton,Marouane Fellaini,Cross from open play,Right foot,67,
35,Manchester United,Everton,Manchester United,Wayne Rooney,Shot inside penalty area,Right foot,69,
35,Manchester United,Everton,Everton,Nikica Jelavić,Shot inside penalty area,Right foot,83,
35,Manchester United,Everton,Everton,Steven Pienaar,Shot inside penalty area,Right foot,85,
35,Newcastle United,Stoke City,Newcastle United,Yohan Cabaye,Shot following rebound,Head,14,
35,Newcastle United,Stoke City,Newcastle United,Papiss Demba Cissé,Shot inside penalty area,Left foot,18,
35,Newcastle United,Stoke City,Newcastle United,Yohan Cabaye,Shot outside penalty area,Right foot,57,
35,Queens Park Rangers,Tottenham Hotspur,Queens Park Rangers,Adel Taarabt,Direct from free kick,Foot,24,
35,Wolverhampton Wanderers,Manchester City,Manchester City,Sergio Agüero,Shot inside penalty area,Right foot,27,
35,Wolverhampton Wanderers,Manchester City,Manchester City,Samir Nasri,Shot inside penalty area,Right foot,74,
36,Chelsea,Queens Park Rangers,Chelsea,Daniel Sturridge,Shot inside penalty area,Right foot,1,
36,Chelsea,Queens Park Rangers,Chelsea,John Terry,Cross from corner kick,Head,13,
36,Chelsea,Queens Park Rangers,Chelsea,Fernando Torres,Shot inside goal area,Right foot,19,
36,Chelsea,Queens Park Rangers,Chelsea,Fernando Torres,Shot inside goal area,Left foot,25,
36,Chelsea,Queens Park Rangers,Chelsea,Fernando Torres,Shot inside goal area,Right foot,64,
36,Chelsea,Queens Park Rangers,Chelsea,Florent Malouda,Shot inside goal area,Left foot,80,
36,Chelsea,Queens Park Rangers,Queens Park Rangers,Djibril Cissé,Shot inside goal area,Right foot,84,
36,Everton,Fulham,Everton,Marouane Fellaini,Cross from corner kick,Head,16,
36,Everton,Fulham,Everton,Nikica Jelavić,Shot inside penalty area,Right foot,40,
36,Everton,Fulham,Everton,Tim Cahill,Shot inside penalty area,Right foot,60,
36,Manchester City,Manchester United,Manchester City,Vincent Kompany,Cross from corner kick,Head,45,1
36,Norwich City,Liverpool,Liverpool,Luis Suárez,Shot inside penalty area,Left foot,24,
36,Norwich City,Liverpool,Liverpool,Luis Suárez,Shot inside penalty area,Right foot,28,
36,Norwich City,Liverpool,Liverpool,Luis Suárez,Shot outside penalty area,Right foot,82,
36,Stoke City,Arsenal,Stoke City,Peter Crouch,Cross from open play,Head,9,
36,Stoke City,Arsenal,Arsenal,Robin van Persie,Cross from open play,Right foot,15,
36,Sunderland,Bolton Wanderers,Bolton Wanderers,Kevin Davies,Cross from open play,Right foot,26,
36,Sunderland,Bolton Wanderers,Sunderland,Nicklas Bendtner,Shot inside penalty area,Right foot,36,
36,Sunderland,Bolton Wanderers,Sunderland,James McClean,Direct from free kick,Foot,55,
36,Sunderland,Bolton Wanderers,Bolton Wanderers,Kevin Davies,Cross from open play,Head,70,
36,Swansea City,Wolverhampton Wanderers,Swansea City,Andrea Orlandi,Cross from open play,Head,1,
36,Swansea City,Wolverhampton Wanderers,Swansea City,Joe Allen,Deflected shot,Right foot,4,
36,Swansea City,Wolverhampton Wanderers,Swansea City,Nathan Dyer,Cross from open play,Head,15,
36,Swansea City,Wolverhampton Wanderers,Wolverhampton Wanderers,Steven Fletcher,Cross from open play,Head,28,
36,Swansea City,Wolverhampton Wanderers,Swansea City,Danny Graham,Cross from open play,Right foot,31,
36,Swansea City,Wolverhampton Wanderers,Wolverhampton Wanderers,Matthew Jarvis,Cross from open play,Right foot,33,
36,Swansea City,Wolverhampton Wanderers,Wolverhampton Wanderers,David Edwards,Cross from free kick,Right foot,54,
36,Swansea City,Wolverhampton Wanderers,Wolverhampton Wanderers,Matthew Jarvis,Cross from open play,Right foot,69,
36,Tottenham Hotspur,Blackburn Rovers,Tottenham Hotspur,Rafael van der Vaart,Shot inside goal area,Left foot,22,
36,Tottenham Hotspur,Blackburn Rovers,Tottenham Hotspur,Kyle Walker,Direct from free kick,Right foot,75,
36,Wigan Athletic,Newcastle United,Wigan Athletic,Victor Moses,Cross from open play,Head,13,
36,Wigan Athletic,Newcastle United,Wigan Athletic,Victor Moses,Cross from open play,Right foot,15,
36,Wigan Athletic,Newcastle United,Wigan Athletic,Shaun Maloney,Shot inside penalty area,Right foot,36,
36,Wigan Athletic,Newcastle United,Wigan Athletic,Franco Di Santo,Shot outside penalty area,Foot,45,2
37,Arsenal,Norwich City,Arsenal,Yossi Benayoun,Shot outside penalty area,Right foot,2,
37,Arsenal,Norwich City,Norwich City,Wes Hoolahan,Shot inside penalty area,Left foot,12,
37,Arsenal,Norwich City,Norwich City,Grant Holt,Deflected shot,Right foot,27,
37,Arsenal,Norwich City,Arsenal,Robin van Persie,Shot inside goal area,Left foot,72,
37,Arsenal,Norwich City,Arsenal,Robin van Persie,Shot inside penalty area,Right foot,80,
37,Arsenal,Norwich City,Norwich City,Steve Morison,Shot inside penalty area,Right foot,85,
37,Aston Villa,Tottenham Hotspur,Aston Villa,Ciaran Clark,Deflected shot,Foot,35,
37,Blackburn Rovers,Wigan Athletic,Wigan Athletic,Antolín Alcaraz,Cross from corner kick,Head,87,
37,Bolton Wanderers,West Bromwich Albion,Bolton Wanderers,Billy Jones,Deflected shot,Unknown,72,
37,Bolton Wanderers,West Bromwich Albion,West Bromwich Albion,Chris Brunt,Shot inside goal area,Left foot,75,
37,Bolton Wanderers,West Bromwich Albion,West Bromwich Albion,James Morrison,Shot inside penalty area,Right foot,90,
37,Fulham,Sunderland,Fulham,Clint Dempsey,Direct from free kick,Foot,11,
37,Fulham,Sunderland,Sunderland,Phillip Bardsley,Shot outside penalty area,Right foot,34,
37,Fulham,Sunderland,Fulham,Moussa Dembélé,Shot outside penalty area,Left foot,35,
37,Liverpool,Chelsea,Liverpool,Michael Essien,Deflected shot,Unknown,19,
37,Liverpool,Chelsea,Liverpool,Jordan Henderson,Shot outside penalty area,Right foot,25,
37,Liverpool,Chelsea,Liverpool,Daniel Agger,Flick on from corner kick,Head,28,
37,Liverpool,Chelsea,Chelsea,Ramires,Shot inside goal area,Right foot,50,
37,Liverpool,Chelsea,Liverpool,Jonjo Shelvey,Shot outside penalty area,Foot,61,
37,Manchester United,Swansea City,Manchester United,Paul Scholes,Shot following rebound,Right foot,28,
37,Manchester United,Swansea City,Manchester United,Ashley Young,Shot following rebound,Right foot,41,
37,Newcastle United,Manchester City,Manchester City,Yaya Touré,Shot outside penalty area,Right foot,70,
37,Newcastle United,Manchester City,Manchester City,Yaya Touré,Shot inside goal area,Left foot,89,
37,Queens Park Rangers,Stoke City,Queens Park Rangers,Djibril Cissé,Shot inside goal area,Right foot,89,
38,Chelsea,Blackburn Rovers,Chelsea,John Terry,Cross from open play,Head,31,
38,Chelsea,Blackburn Rovers,Chelsea,Raul Meireles,Shot inside penalty area,Right foot,34,
38,Chelsea,Blackburn Rovers,Blackburn Rovers,Yakubu,Cross from corner kick,Head,60,
38,Everton,Newcastle United,Everton,Steven Pienaar,Deflected shot,Foot,16,
38,Everton,Newcastle United,Everton,Nikica Jelavić,Shot inside goal area,Right foot,27,
38,Everton,Newcastle United,Everton,Johnny Heitinga,Cross from free kick,Head,65,
38,Everton,Newcastle United,Newcastle United,Tony Hibbert,Cross from open play,Head,73,
38,Manchester City,Queens Park Rangers,Manchester City,Pablo Zabaleta,Shot inside penalty area,Right foot,39,
38,Manchester City,Queens Park Rangers,Queens Park Rangers,Djibril Cissé,Shot outside penalty area,Right foot,48,
38,Manchester City,Queens Park Rangers,Queens Park Rangers,Jamie Mackie,Cross from open play,Head,66,
38,Manchester City,Queens Park Rangers,Manchester City,Edin Džeko,Cross from corner kick,Head,90,2
38,Manchester City,Queens Park Rangers,Manchester City,Sergio Agüero,Shot inside penalty area,Right foot,90,4
38,Norwich City,Aston Villa,Norwich City,Grant Holt,Cross from free kick,Head,9,
38,Norwich City,Aston Villa,Norwich City,Simeon Jackson,Shot following rebound,Right foot,22,
38,Stoke City,Bolton Wanderers,Stoke City,Jonathan Walters,Cross from open play,Head,12,
38,Stoke City,Bolton Wanderers,Bolton Wanderers,Mark Davies,Shot inside penalty area,Right foot,39,
38,Stoke City,Bolton Wanderers,Bolton Wanderers,Kevin Davies,Shot outside penalty area,Foot,45,
38,Sunderland,Manchester United,Manchester United,Wayne Rooney,Cross from open play,Head,20,
38,Swansea City,Liverpool,Swansea City,Danny Graham,Shot inside goal area,Right foot,86,
38,Tottenham Hotspur,Fulham,Tottenham Hotspur,Emmanuel Adebayor,Shot inside penalty area,Right foot,2,
38,Tottenham Hotspur,Fulham,Tottenham Hotspur,Jermain Defoe,Shot following rebound,Foot,63,
38,West Bromwich Albion,Arsenal,Arsenal,Yossi Benayoun,Shot inside goal area,Foot,4,
38,West Bromwich Albion,Arsenal,West Bromwich Albion,Shane Long,Shot outside penalty area,Right foot,11,
38,West Bromwich Albion,Arsenal,West Bromwich Albion,Graham Dorrans,Shot inside penalty area,Right foot,15,
38,West Bromwich Albion,Arsenal,Arsenal,André Santos,Shot inside penalty area,Left foot,30,
38,West Bromwich Albion,Arsenal,Arsenal,Laurent Koscielny,Cross from corner kick,Right foot,55,
38,Wigan Athletic,Wolverhampton Wanderers,Wolverhampton Wanderers,Matthew Jarvis,Shot inside penalty area,Right foot,9,
38,Wigan Athletic,Wolverhampton Wanderers,Wigan Athletic,Franco Di Santo,Shot outside penalty area,Right foot,12,
38,Wigan Athletic,Wolverhampton Wanderers,Wigan Athletic,Emmerson Boyce,Cross from corner kick,Head,14,
38,Wigan Athletic,Wolverhampton Wanderers,Wigan Athletic,Emmerson Boyce,Shot outside penalty area,Right foot,79,
38,Wigan Athletic,Wolverhampton Wanderers,Wolverhampton Wanderers,Steven Fletcher,Shot inside penalty area,Left foot,86,
