ID,Country,First Name,Middle Name,Last Name,Second Last Name,Nickname,Name Order,DOB,Position
28566,France,Vassiriki,,Abou Diaby,,,,1986-05-11,Central Midfielder
20208,Scotland,Charlie,Graham,Adam,,,,1985-12-10,Central Midfielder
17500,Togo,Sheyi,Emmanuel,Adebayor,,Emmanuel Adebayor,,1984-02-26,Striker
27450,England,Gabriel,,Agbonlahor,,,,1986-10-13,Striker
21094,Denmark,Daniel,Munthe,Agger,,,,1984-12-12,Central Defender
37572,Argentina,Sergio,Leonel,Agüero,,,,1988-06-02,Striker
39217,Netherlands,Kemy,,Agustien,,,,1986-08-20,Central Midfielder
5730,Ghana,Patrick,,Agyemang,,,,1980-09-29,Striker
13239,Nigeria,Yakubu,,Aiyegbeni,,Yakubu,,1982-11-22,Striker
28491,Oman,Ali,,Al-Habsi,,,,1981-12-30,Goalkeeper
51938,England,Marc,,Albrighton,,,,1989-11-18,Right Winger
43035,Paraguay,Antolín,,Alcaraz,Viveros,,,1982-07-30,Central Defender
40555,Wales,Joseph,Michael,Allen,,,,1990-03-14,Midfielder
38530,Portugal,Luís,Carlos,Almeida,da Cunha,Nani,,1986-11-17,Left Winger
82263,Spain,Marcos,,Alonso,Mendoza,,,1990-12-28,Left Full-back
6240,Nigeria,Foluwashola,,Ameobi,,Shola Ameobi,,1981-10-12,Striker
97612,England,Samuel,,Ameobi,,Sammy Ameobi,,1992-05-01,Striker
51922,England,Ben,,Amos,,,,1990-04-10,Goalkeeper
7670,Republic of Ireland,Keith,,Andrews,,,,1980-09-13,Midfielder
3897,France,Nicolas,,Anelka,,,,1979-03-14,Striker
28593,Nigeria,Victor,,Anichebe,,,,1988-04-23,Striker
13227,Russia,Andrey,Sergeyevich,Arshavin,,,,1981-05-29,Left Forward
8758,Spain,Mikel,,Arteta,Amatriain,,,1982-03-26,Midfielder
28146,Cameroon,Benoît,,Assou-Ekotto,,,,1984-03-24,Left Full-back
3665,Brazil,Fábio,,Aurélio,Rodrigues,,,1979-09-24,Left Full-back
47412,Senegal,Demba,,Ba,,,,1985-05-25,Striker
12745,England,Leighton,,Baines,,,,1984-12-11,Left Full-back
15968,Northern Ireland,Chris,,Baird,,,,1982-02-25,Defender
52477,England,Nathan,,Baker,,,,1991-04-23,Defender
36903,Wales,Gareth,Frank,Bale,,,,1989-07-16,Left Winger
42493,Italy,Mario,,Balotelli,,,,1990-08-12,Striker
59013,Scotland,Barry,,Bannan,,,,1989-12-01,Midfielder
17997,Scotland,Phillip,,Bardsley,,,,1985-06-28,Defender
88894,England,Ross,,Barkley,,,,1993-12-05,Midfielder
15201,England,Leon,,Barnett,,,,1985-11-30,Defender
1632,England,Gareth,,Barry,,,,1981-02-23,Central Midfielder
15276,England,Joey,,Barton,,,,1982-09-02,Midfielder
42744,Cameroon,Sébastien,,Bassong,,,,1986-07-09,Defender
55586,England,Jose,,Baxter,,,,1992-02-07,Striker
33298,Chile,Jean,André Emanuel,Beausejour,Coliqueo,,,1984-06-01,Left Winger
32317,England,Jermaine,,Beckford,,,,1983-12-09,Striker
40349,Bosnia and Herzegovina,Asmir,,Begović,,,,1987-06-20,Goalkeeper
1231,Wales,Craig,Douglas,Bellamy,,,,1979-07-13,Striker
18753,France,Hatem,,Ben Arfa,,,,1987-03-07,Midfielder
13594,Israel,Yossi,,Benayoun,,,,1980-05-05,Midfielder
27697,Denmark,Nicklas,,Bendtner,,,,1988-01-16,Striker
41262,England,Elliott,,Bennett,,,,1988-12-18,Midfielder
41727,England,Ryan,,Bennett,,,,1990-03-06,Defender
10738,England,Darren,,Bent,,,,1984-02-06,Striker
8595,Bulgaria,Dimitar,,Berbatov,,,,1981-01-30,Striker
19008,Scotland,Christophe,,Berra,,,,1985-01-31,Central Defender
40146,England,Ryan,,Bertrand,,,,1989-08-05,Left Full-back
51511,Argentina,Federico,,Bessone,Luna,,,1984-01-23,Left Full-back
16005,Republic of Ireland,Leon,,Best,,,,1986-09-19,Striker
17891,Russia,Diniyar,Rinatovich,Bilyaletdinov,,,,1985-02-27,Midfielder
40501,England,Nick,,Blackman,,,,1989-11-11,Striker
1615,England,Robbie,,Blake,,,,1976-03-04,Striker
45175,Hungary,Ádám,,Bogdán,,,,1987-09-27,Goalkeeper
11278,Portugal,José,,Bosingwa,da Silva,,,1982-08-24,Right Full-back
4255,England,Jay,,Bothroyd,,,,1982-05-05,Striker
80235,Belgium,Anga Dedryck,,Boyata,,Dedryck Boyata,,1990-11-28,Defender
3296,Barbados,Emmerson,Orlando,Boyce,,,,1979-09-24,Defender
46581,Portugal,Orlando,Carlos,Braga,da Sá,Orlando Sá,,1988-05-26,Striker
1131,England,Titus,,Bramble,,,,1981-07-31,Defender
1940,England,Wayne,,Bridge,,,,1980-08-05,Left Full-back
42425,England,Matthew,,Briggs,,,,1991-03-09,Defender
15114,England,Leon,,Britton,,,,1982-09-16,Midfielder
1841,England,Wes,,Brown,,,,1979-10-13,Defender
19151,Northern Ireland,Chris,,Brunt,,,,1984-12-14,Midfielder
10954,England,Mark,,Bunn,,,,1984-11-16,Goalkeeper
18586,Hungary,Ákos,,Buzsáky,,,,1982-05-07,Midfielder
27341,France,Yohan,,Cabaye,,,,1986-01-14,Midfielder
19419,England,Gary,,Cahill,,,,1985-12-19,Central Defender
3273,Australia,Tim,Filiga,Cahill,,,,1979-12-06,Midfielder
53238,Brazil,Bruno,,Caldini,Perone,Bruno Perone,,1987-07-06,Central Defender
11911,Scotland,Gary,,Caldwell,,,,1982-04-12,Central Defender
19645,England,DJ,,Campbell,,,,1981-11-12,Striker
28541,England,Fraizer,,Campbell,,,,1987-09-13,Striker
1809,England,Jamie,,Carragher,,,,1978-01-28,Defender
2404,England,Michael,,Carrick,,,,1981-07-28,Central Midfielder
40142,England,Andy,,Carroll,,,,1989-01-06,Striker
114042,Republic of Ireland,Samir,,Carruthers,,,,1993-04-04,Midfielder
91128,Portugal,Bruno,Miguel,Carvalho,Andrade,Bruno Andrade,,1993-10-02,Midfielder
28448,England,Lee,,Cattermole,,,,1988-03-21,Midfielder
68815,England,Steven,,Caulker,,,,1991-12-29,Defender
11334,Czech Republic,Petr,,Čech,,,,1982-05-20,Goalkeeper
4202,Czech Republic,Radek,,Černý,,,,1974-02-18,Goalkeeper
15675,Morocco,Marouane,,Chamakh,,,,1984-01-10,Striker
6286,France,Djibril,,Cissé,,,,1981-08-12,Striker
42758,Senegal,Papiss Demba,,Cissé,,,,1985-06-03,Striker
57214,Brazil,André,,Clarindo,dos Santos,André Santos,,1983-03-08,Left Full-back
58845,Republic of Ireland,Ciaran,,Clark,,,,1989-09-26,Defender
43250,England,Tom,,Cleverley,,,,1989-08-12,Midfielder
17336,France,Gaël,,Clichy,,,,1985-07-26,Left Full-back
78108,Uruguay,Sebastián,,Coates,Nion,,,1990-10-07,Central Defender
58771,England,Jack,,Colback,,,,1989-10-24,Midfielder
3785,England,Ashley,,Cole,,,,1980-12-20,Left Full-back
59949,Republic of Ireland,Séamus,,Coleman,,,,1988-10-11,Defender
8380,Wales,James,Michael,Collins,,,,1983-08-23,Central Defender
7933,Argentina,Fabricio,,Coloccini,,,,1982-01-22,Central Defender
27698,England,Matthew,,Connolly,,,,1987-09-24,Defender
56864,France,Francis,,Coquelin,,,,1991-05-13,Midfielder
38462,Croatia,Vedran,,Ćorluka,,,,1986-02-05,Defender
27440,Republic of Ireland,Simon,,Cox,,,,1987-04-28,Striker
1989,England,Jody,,Craddock,,,,1975-07-25,Central Defender
14898,Wales,Andrew,Lawrence,Crofts,,,,1984-05-29,Midfielder
3773,England,Peter,,Crouch,,,,1981-01-30,Striker
14469,Spain,Albert,,Crusat,Domènech,,,1982-05-13,Midfielder
17468,Spain,Carlos,Javier,Cuéllar,Jiménez,,,1981-08-23,Defender
19188,England,Scott,,Dann,,,,1987-02-14,Central Defender
3630,England,Kevin,,Davies,,,,1977-03-26,Striker
19930,England,Mark,,Davies,,,,1988-02-18,Midfielder
2559,Wales,Simon,,Davies,,,,1979-10-23,Right Winger
78774,England,David,,Davis,,,,1991-02-20,Central Midfielder
60232,England,Craig,,Dawson,,,,1990-05-06,Defender
12679,England,Michael,,Dawson,,,,1983-11-18,Defender
27258,Brazil,Anderson ,Luís,de Abreu,Oliveira,Anderson,,1988-04-13,Midfielder
51940,Spain,David,,de Gea,Quintana,,,1990-11-07,Goalkeeper
15076,Netherlands,Nigel,,de Jong,,,,1984-11-30,Midfielder
46695,Belgium,Ritchie,,de Laet,,,,1988-11-28,Defender
38251,Netherlands,Dorus,,de Vries,,,,1980-12-29,Goalkeeper
7958,England,Jermain,,Defoe,,,,1982-10-07,Striker
1679,Republic of Ireland,Rory,,Delap,,,,1976-07-06,Midfielder
51484,England,Nathan,,Delfouneso,,,,1991-02-02,Striker
41823,England,Fabian,,Delph,,,,1989-11-21,Central Midfielder
39104,Belgium,Moussa,,Dembélé,,,,1987-07-16,Central Midfielder
20226,USA,Clint,Drew,Dempsey,,,,1983-03-09,Striker
1420,England,Shaun,,Derry,,,,1977-12-06,Midfielder
49724,Argentina,Franco,Matías,Di Santo,,,,1989-04-07,Striker
80442,Mali,Samba,,Diakité,,,,1989-01-24,Midfielder
28147,Senegal,Mohamed,,Diamé,,,,1987-06-14,Central Midfielder
6769,Senegal,Salif,,Diao,,,,1977-02-10,Central Midfielder
4990,Mali,Mahamadou,,Diarra,,,,1981-05-18,Central Midfielder
18658,Brazil,Alex,Rodrigo,Dias,de Costa,Alex,,1982-06-17,Central Defender
6219,France,Sylvain,,Distin,,,,1977-12-16,Defender
19160,Switzerland,Johan Danon,,Djourou-Gbadjere,,Johan Djourou,,1987-01-18,Defender
17955,Scotland,Stephen,,Dobbie,,,,1982-12-05,Striker
87835,Republic of Ireland,Matt,,Doherty,,,,1992-01-16,Right Full-back
5075,USA,Landon,Timothy,Donovan,,,,1982-03-04,Right Forward
20141,Scotland,Graham,,Dorrans,,,,1987-05-05,Central Midfielder
40275,Mexico,Giovani,,dos Santos,Ramírez,,,1989-05-11,Midfielder
12002,England,Stewart,,Downing,,,,1984-07-22,Left Winger
20450,Republic of Ireland,Kevin,,Doyle,,,,1983-09-18,Striker
39202,Netherlands,Royston,,Drenthe,,,,1987-04-08,Midfielder
12303,Côte d'Ivoire,Didier,Yves,Drogba,Tébily,,,1978-03-11,Striker
2562,England,Adam,,Drury,,,,1978-08-29,Defender
1256,Republic of Ireland,Damien,,Duff,,,,1979-03-02,Right Winger
61933,Republic of Ireland,Shane,,Duffy,,,,1992-01-01,Central Defender
1274,England,David,,Dunn,,,,1979-12-27,Midfielder
1764,Republic of Ireland,Richard,,Dunne,,,,1979-09-21,Central Defender
1840,England,Kieron,,Dyer,,,,1978-12-29,Midfielder
21083,England,Nathan,,Dyer,,,,1987-11-29,Right Forward
42544,Bosnia and Herzegovina,Edin,,Džeko,,,,1986-03-17,Striker
18428,England,Chris,,Eagles,,,,1985-11-19,Midfielder
19557,England,Sylvain,,Ebanks-Blake,,,,1986-03-29,Striker
16236,Wales,David,Alexander,Edwards,,,,1986-02-03,Midfielder
37339,Egypt,Ahmed,,Elmohamady,,,,1987-09-09,Midfielder
19084,Cameroon,George,,Elokobi,,,,1986-01-31,Defender
4740,Australia,Brett,Michael,Emerton,,,,1979-02-22,Midfielder
19946,England,Hogan,,Ephraim,,,,1988-03-31,Midfielder
8442,Ghana,Michael,,Essien,,,,1982-12-03,Midfielder
2570,England,Matthew,,Etherington,,,,1981-08-14,Midfielder
10454,Nigeria,Dickson,,Etuhu,,,,1982-06-08,Central Midfielder
37642,Northern Ireland,Jonny,,Evans,,,,1988-01-03,Defender
14075,France,Patrice,,Evra,,,,1981-05-15,Left Full-back
67731,Argentina,Alejandro,Damián,Faurlín,,,,1986-08-09,Midfielder
41184,Belgium,Marouane,,Fellaini,,,,1987-11-22,Midfielder
13898,England,Anton,,Ferdinand,,,,1985-02-18,Defender
2034,England,Rio,,Ferdinand,,,,1978-11-07,Central Defender
61944,Northern Ireland,Shane,,Ferguson,,,,1991-07-12,Midfielder
34285,Honduras,Maynor,Alexis,Figueroa,Róchez,,,1983-05-02,Defender
91979,England,Jon,,Flanagan,,,,1993-01-01,Right Full-back
14295,Scotland,Darren,,Fletcher,,,,1984-02-01,Central Midfielder
18953,Scotland,Steven,,Fletcher,,,,1987-03-26,Striker
14947,Republic of Ireland,Kevin,,Foley,,,,1984-11-01,Right Full-back
105190,Republic of Ireland,Anthony,,Forde,,,,1993-11-16,Midfielder
58900,Argentina,Mauro,Abel,Formica,,,,1988-04-04,Central Midfielder
14279,France,Marc-Antoine,,Fortuné,,,,1981-07-02,Striker
9089,England,Ben,,Foster,,,,1983-04-03,Goalkeeper
17812,England,David,,Fox,,,,1983-12-13,Midfielder
105086,Turkey,Kerim,,Frei,,,,1993-11-19,Midfielder
1803,USA,Bradley,Howard,Friedel,,,,1971-05-18,Goalkeeper
56861,England,Emmanuel,,Frimpong,,,,1992-01-10,Midfielder
106603,England,Ezekiel,,Fryers,,,,1992-09-09,Defender
11721,Jamaica,Ricardo,,Fuller,,,,1979-10-31,Striker
18151,Hungary,Márton,,Fülöp,,,,1983-05-03,Goalkeeper
1059,Wales,Daniel,Leon,Gabbidon,,,,1979-08-08,Defender
6254,France,William,,Gallas,,,,1977-08-17,Central Defender
28468,England,Craig,,Gardner,,,,1986-11-25,Midfielder
77800,England,Gary,,Gardner,,,,1992-06-29,Central Midfielder
1307,Jamaica,Ricardo,,Gardner,,,,1978-09-25,Left Winger
28342,Czech Republic,Marcel,,Gecov,,,,1988-01-01,Midfielder
18430,Hungary,Zoltán,,Gera,,,,1979-04-22,Midfielder
1814,England,Steven,,Gerrard,,,,1980-05-30,Midfielder
42427,England,Kieran,,Gibbs,,,,1989-09-26,Left Full-back
27707,England,Darron,,Gibson,,,,1987-10-25,Central Midfielder
3,Wales,Ryan,Joseph,Giggs,,,,1973-11-29,Midfielder
1822,Republic of Ireland,Shay,,Given,,,,1976-04-20,Goalkeeper
8371,France,Gaël,,Givet,,,,1981-10-09,Defender
50023,Spain,Jordi,,Gómez,García-Penche,,,1985-05-24,Central Midfielder
28157,Scotland,David,,Goodwillie,,,,1989-03-28,Striker
5207,Scotland,Craig,,Gordon,,,,1982-12-31,Goalkeeper
83701,Northern Ireland,John,,Gorman,,,,1992-10-26,Midfielder
40387,England,Dan,,Gosling,,,,1990-02-01,Midfielder
1936,England,Mark,,Gower,,,,1978-10-05,Midfielder
15398,England,Danny,,Graham,,,,1985-08-12,Striker
13524,Australia,Vincenzo,,Grella,,,,1979-10-05,Midfielder
6298,Czech Republic,Zdeněk,,Grygera,,,,1980-05-14,Right Full-back
44302,Algeria,Adlène,,Guedioura,,,,1985-11-12,Midfielder
57835,Senegal,Magaye,,Gueye,,,,1990-07-06,Midfielder
52876,Brazil,Sandro,Raniere,Guimarães,Cordeiro,Sandro,,1989-03-15,Midfielder
37639,England,Danny,,Guthrie,,,,1987-04-18,Midfielder
21060,Argentina,Jonás,Manuel,Gutiérrez,,,,1983-07-05,Midfielder
41705,USA,Bradley,Edwin,Guzan,,,,1984-09-09,Goalkeeper
33223,Ghana,Asamoah,,Gyan,,,,1985-11-22,Striker
12674,England,Fitz,,Hall,,,,1980-12-20,Central Defender
40660,England,Adam,,Hammill,,,,1988-01-25,Midfielder
15284,Norway,Brede,,Hangeland,,,,1981-06-20,Central Defender
83428,Scotland,Grant,,Hanley,,,,1991-11-20,Central Defender
5043,England,Owen,,Hargreaves,,,,1981-01-20,Midfielder
92790,Republic of Ireland,Michael,,Harriman,,,,1992-10-23,Right Full-back
15749,England,Joe,,Hart,,,,1987-04-19,Goalkeeper
10466,Netherlands,Johnny,,Heitinga,,,,1983-11-15,Defender
3731,Iceland,Heiðar,,Helguson,,,,1977-08-22,Striker
56979,England,Jordan,,Henderson,,,,1990-06-17,Midfielder
103903,Wales,Adam,David,Henley,,,,1994-06-14,Defender
20066,Wales,Wayne,Robert,Hennessey,,,,1987-01-24,Goalkeeper
10561,England,Karl,,Henry,,,,1982-11-26,Midfielder
1619,France,Thierry,,Henry,,,,1977-08-17,Striker
49493,Australia,Christopher,,Herd,,,,1989-04-04,Central Midfielder
43020,Mexico,Javier,,Hernández,Balcázar,,,1988-06-01,Striker
1765,England,Emile,,Heskey,,,,1978-01-11,Striker
9007,England,Tony,,Hibbert,,,,1981-02-20,Right Full-back
2399,England,Danny,,Higginbotham,,,,1978-12-29,Defender
1216,England,Clint,,Hill,,,,1978-10-19,Central Defender
49806,Canada,David,Wayne,Hoilett,,Junior Hoilett,,1990-06-05,Striker
5741,England,Grant,,Holt,,,,1981-04-12,Striker
28499,Republic of Ireland,Wes,,Hoolahan,,,,1982-05-20,Midfielder
15337,USA,Timothy,Matthew,Howard,,,,1979-03-06,Goalkeeper
38297,England,Jonathan,,Howson,,,,1988-05-21,Central Midfielder
15109,England,Tom,,Huddlestone,,,,1986-12-28,Central Midfielder
1869,Northern Ireland,Aaron,,Hughes,,,,1979-11-08,Central Defender
5692,England,Robert,,Hulse,,,,1979-10-25,Striker
7635,Republic of Ireland,Stephen,,Hunt,,,,1981-08-01,Left Winger
42428,England,Sam,,Hutchinson,,,,1989-08-03,Defender
12413,Germany,Robert,,Huth,,,,1984-08-18,Central Defender
15405,Scotland,Alan,,Hutton,,,,1984-11-30,Right Full-back
17687,Nigeria,Carl,,Ikeme,,,,1986-06-08,Goalkeeper
20481,Republic of Ireland,Stephen,,Ireland,,,,1986-08-22,Midfielder
41135,Serbia,Branislav,,Ivanović,,,,1984-02-22,Defender
1344,Finland,Jussi,,Jääskeläinen,,,,1975-04-19,Goalkeeper
19321,Canada,Simeon,Alexander,Jackson,,,,1987-03-28,Striker
7645,England,Phil,,Jagielka,,,,1982-08-17,Defender
37269,Chile,Gonzalo,Alejandro,Jara,Reyes,,,1985-08-29,Defender
18818,England,Matthew,,Jarvis,,,,1986-05-22,Midfielder
62419,Croatia,Nikica,,Jelavić,,,,1985-08-27,Striker
10451,England,Jermaine,,Jenas,,,,1983-02-18,Midfielder
80254,England,Carl,,Jenkinson,,,,1992-02-08,Right Full-back
18804,England,Cameron,,Jerome,,,,1986-08-14,Striker
98769,Korea Republic,Dong-Won,,Ji,,,Eastern,1991-05-28,Striker
20664,Spain,David,Josué,Jiménez,Silva,David Silva,,1986-01-08,Midfielder
19959,England,Adam,,Johnson,,,,1987-07-14,Right Winger
1195,England,Andrew,,Johnson,,,,1981-02-10,Striker
19569,England,Bradley,,Johnson,,,,1987-04-28,Central Midfielder
9047,England,Glen,,Johnson,,,,1984-08-23,Right Full-back
8358,England,Roger,,Johnson,,,,1983-04-28,Defender
11467,England,Billy,,Jones,,,,1987-03-24,Left Wing-back
9631,Australia,Bradley,,Jones,,,,1982-03-19,Goalkeeper
19556,England,David,,Jones,,,,1984-11-04,Midfielder
18215,Trinidad and Tobago,Kenwyne,Joel,Jones,,,,1984-10-05,Striker
76359,England,Phil,,Jones,,,,1992-02-21,Defender
40231,Iceland,Eggert Gunnþór,,Jónsson,,,,1988-08-18,Midfielder
37742,France,Younes,,Kaboul,,,,1986-01-04,Central Defender
42518,Sweden,Alexander,,Kačaniklić,,,,1991-08-13,Left Winger
59325,France,Gaël,,Kakuta,,,,1991-06-21,Midfielder
37352,Côte d'Ivoire,Salomon,Armand Magloire,Kalou,,,,1985-08-05,Midfielder
81025,Switzerland,Pajtim,,Kasami,,,,1992-06-02,Midfielder
88658,England,Jake,,Kean,,,,1991-02-04,Goalkeeper
1710,Republic of Ireland,Robbie,,Keane,,,,1980-07-08,Striker
91126,England,William,,Keane,,,,1993-01-11,Striker
58786,England,Martin,,Kelly,,,,1990-04-27,Defender
9493,Republic of Ireland,Stephen,,Kelly,,,,1983-09-06,Right Full-back
3119,Republic of Ireland,Patrick,,Kenny,,,,1978-05-17,Goalkeeper
15944,England,Michael,,Kightly,,,,1986-01-24,Midfielder
14919,England,Matthew,,Kilgallon,,,,1984-01-08,Central Defender
1934,England,Ledley,,King,,,,1980-12-10,Central Defender
9765,Croatia,Ivan,,Klasnić,,,,1980-01-29,Striker
1587,England,Zat,,Knight,,,,1980-05-02,Central Defender
42593,Serbia,Aleksandar,,Kolarov,,,,1985-11-10,Left Wing-back
17476,Belgium,Vincent,,Kompany,,,,1986-04-10,Central Defender
51507,France,Laurent,,Koscielny,,,,1985-09-10,Central Defender
28097,Croatia,Niko,,Kranjčar,,,,1984-08-13,Midfielder
20480,Netherlands,Tim,,Krul,,,,1988-04-03,Goalkeeper
4719,Netherlands,Dirk,,Kuyt,,,,1980-07-22,Right Forward
11248,Greece,Sotirios,,Kyrgiakos,,,,1979-07-23,Central Defender
2051,England,Frank,,Lampard,,,,1978-06-20,Midfielder
95703,England,Cameron,,Lancaster,,,,1992-11-05,Striker
40564,England,Henri,,Lansbury,,,,1990-10-12,Midfielder
4374,Scotland,Simon,,Lappin,,,,1983-01-25,Left Wing-back
19057,Sweden,Sebastian,,Larsson,,,,1985-06-06,Midfielder
75773,Korea Republic,Chung-Yong,,Lee,,,Eastern,1988-07-02,Right Winger
17349,England,Aaron,,Lennon,,,,1987-04-16,Right Winger
7551,England,Joleon,,Lescott,,,,1982-08-16,Central Defender
45139,USA,Eric,Joseph,Lichaj,,,,1988-11-17,Defender
39725,Denmark,Anders,Rozenkrantz,Lindegaard,,,,1984-04-13,Goalkeeper
14166,England,Leroy,,Lita,,,,1984-12-28,Striker
49944,England,Jake,,Livermore,,,,1989-11-14,Central Midfielder
20452,Republic of Ireland,Shane,,Long,,,,1987-01-22,Striker
48730,Spain,Adrián,,López,Rodríguez,Piscu,,1987-02-25,Central Defender
4454,Denmark,Peter,Rosenkrands,Løvenkrands,,,,1980-01-29,Striker
92488,England,Jason,,Lowe,,,,1991-09-02,Midfielder
66749,Belgium,Romelu,,Lukaku,,,,1993-05-13,Striker
59970,Italy,Federico,,Macheda,,,,1991-08-22,Striker
19196,Scotland,Jamie,,Mackie,,,,1985-09-22,Striker
39982,Austria,Stefan,,Maierhofer,,,,1982-08-16,Striker
9110,Scotland,Shaun,,Maloney,,,,1983-01-24,Central Forward
10425,France,Florent,,Malouda,,,,1980-06-13,Left Winger
26756,Brazil,Doniéber,Alexander,Marangon,,Doni,,1979-10-22,Goalkeeper
39776,England,Chris,,Martin,,,,1988-11-04,Striker
19341,Scotland,Russell,,Martin,,,,1986-01-04,Central Defender
20312,Argentina,Carlos,Alberto,Martínez,Tevez,Carlos Tevez,,1984-02-05,Striker
37939,France,Sylvain,,Marveaux,,,,1986-04-15,Midfielder
43670,Spain,Juan,Manuel,Mata,García,,,1988-04-28,Midfielder
80181,England,Conor,,McAleny,,,,1992-08-12,Striker
50471,Scotland,James,,McArthur,,,,1987-10-07,Central Midfielder
19272,Northern Ireland,Gareth,,McAuley,,,,1979-12-05,Defender
50472,Republic of Ireland,James,,McCarthy,,,,1990-11-12,Central Midfielder
63370,Republic of Ireland,James,,McClean,,,,1989-04-22,Midfielder
88821,England,Joshua,,McEachran,,,,1993-03-01,Central Midfielder
4445,Scotland,James,,McFadden,,,,1983-04-14,Striker
61538,England,Callum,,McManaman,,,,1991-04-25,Striker
12780,England,Tyrone,,Mears,,,,1983-02-18,Right Full-back
37634,Portugal,Henrique,Hilário,Meireles,Sampaio,Hilário,,1975-10-21,Goalkeeper
17127,Germany,Per,,Mertesacker,,,,1984-09-29,Central Defender
53371,Republic of Ireland,David,,Meyler,,,,1989-05-29,Midfielder
66797,Belgium,Simon,,Mignolet,,,,1988-03-06,Goalkeeper
41208,Serbia,Nenad,,Milijaš,,,,1983-04-30,Midfielder
15157,England,James,,Milner,,,,1986-01-04,Midfielder
90801,Spain,Ignasi,,Miquel,Pons,,,1992-09-28,Defender
92372,Japan,Ryo,,Miyaichi,,,,1992-12-14,Left Winger
35865,France,Anthony,,Modeste,,,,1988-04-14,Striker
37055,Croatia,Luka,,Modrić,,,,1985-09-09,Central Midfielder
1950,England,Garry,,Monk,,,,1979-03-06,Central Defender
15428,England,Luke,,Moore,,,,1986-02-13,Striker
39464,Greece,Vangelis,,Moras,,,,1981-08-26,Central Defender
41270,Brazil,David,Luiz,Moreira,Marinho,David Luiz,,1987-04-22,Defender
40204,Wales,Steven,William,Morison,,,,1983-08-29,Striker
87860,England,Josh,,Morris,,,,1991-09-30,Midfielder
18008,Scotland,James,,Morrison,,,,1986-05-25,Right Winger
49013,Nigeria,Victor,,Moses,,,,1990-12-12,Midfielder
27696,England,Fabrice,,Muamba,,,,1988-04-06,Central Midfielder
39895,Congo DR,Youssouf,,Mulumbu,,,,1987-01-25,Central Midfielder
1812,England,Danny,,Murphy,,,,1977-03-18,Central Midfielder
18737,France,Charles,,N'Zogbia,,,,1986-05-28,Midfielder
49323,France,Steven,,N'Zonzi,,,,1988-12-15,Midfielder
28554,France,Samir,,Nasri,,,,1987-06-26,Midfielder
49539,England,Kyle,,Naughton,,,,1988-11-11,Right Full-back
19718,New Zealand,Ryan,William,Nelsen,,,,1977-10-18,Central Defender
1821,England,Philip,,Neville,,,,1977-01-21,Full-back
38328,France,David,,Ngog,,,,1989-04-01,Striker
80061,England,Ryan,,Noble,,,,1991-06-11,Striker
28568,England,Jamie,,O'Hara,,,,1986-09-25,Midfielder
3736,Republic of Ireland,John,,O'Shea,,,,1981-04-30,Defender
38429,France,Gabriel,,Obertan,,,,1989-02-26,Midfielder
28495,Nigeria,John Michael,,Obinna,,John Obi Mikel,,1987-04-22,Central Midfielder
26900,Nigeria,Peter,,Odemwingie,,,,1981-07-15,Striker
39253,Sweden,Jonas,,Olsson,,,,1983-03-10,Central Defender
51887,Sweden,Marcus,,Olsson,,,,1988-05-17,Left Winger
28654,Sweden,Martin,,Olsson,,,,1988-05-17,Left Full-back
19053,England,Nedum,,Onuoha,,,,1986-11-12,Defender
20589,Spain,Andrea,,Orlandi,Stabilin,,,1984-08-03,Midfielder
12443,England,Bradley,,Orr,,,,1982-11-01,Right Full-back
8378,England,Leon,,Osman,,,,1981-05-17,Midfielder
1795,England,Michael,,Owen,,,,1979-12-14,Striker
81880,England,Alex,,Oxlade-Chamberlain,,,,1993-08-15,Midfielder
34296,Honduras,Wilson,Roberto,Palacios,Suazo,,,1984-07-29,Midfielder
36968,Korea Republic,Chu-Young,,Park,,,Eastern,1985-07-10,Midfielder
12882,Korea Republic,Ji-Sung,,Park,,,Eastern,1981-02-25,Midfielder
1411,England,Scott,,Parker,,,,1980-10-13,Midfielder
20298,Russia,Roman,Anatolyevich,Pavlyuchenko,,,,1981-12-15,Striker
16058,Norway,Morten Gamst,,Pedersen,,,,1981-09-08,Midfielder
3658,England,Jermaine,,Pennant,,,,1983-01-15,Midfielder
18846,England,James,,Perch,,,,1985-09-28,Defender
54771,Brazil,Fábio,,Pereira,da Silva,Fábio,,1990-07-09,Defender
54772,Brazil,Rafael,,Pereira,da Silva,Rafael,,1990-07-09,Right Full-back
10089,Bulgaria,Martin,,Petrov,,,,1979-01-15,Left Winger
2160,Bulgaria,Stiliyan,,Petrov,,,,1979-07-05,Midfielder
56944,Serbia,Radosav,,Petrović,,,,1989-03-08,Midfielder
43191,Brazil,Lucas,,Pezzini,Leiva,,,1987-01-09,Central Midfielder
7525,South Africa,Steven,Jerome,Pienaar,,,,1982-03-17,Midfielder
40451,Republic of Ireland,Anthony,,Pilkington,,,,1988-06-06,Midfielder
7459,Chile,David,Marcelo,Pizarro,Cortés,,,1979-09-11,Central Midfielder
74208,France,Paul,,Pogba,,,,1993-03-15,Midfielder
39439,Russia,Pavel,Viktorovich,Pogrebnyak,,,,1983-11-08,Striker
15188,England,Darren,,Pratley,,,,1985-04-22,Midfielder
14489,England,Danny,,Pugh,,,,1982-10-19,Midfielder
19197,England,Jason,,Puncheon,,,,1986-06-26,Midfielder
41792,Wales,Aaron,James,Ramsey,,,,1990-12-26,Midfielder
42996,Spain,Àngel,,Rangel,Zaragoza,,,1982-11-28,Right Full-back
93666,Côte d'Ivoire,Abdul,,Razak,,,,1992-11-11,Midfielder
82514,USA,Timothy,Michael,Ream,,,,1987-10-05,Central Defender
16734,Portugal,Paulo,Renato,Rebocho,Ferreira,Paulo Ferreira,,1979-01-18,Defender
3332,Republic of Ireland,Steven,,Reid,,,,1981-03-10,Right Full-back
8432,Spain,José,Manuel,Reina,Páez,Pepe Reina,,1982-08-31,Goalkeeper
14668,England,Nigel,,Reo-Coker,,,,1984-05-14,Midfielder
73459,Wales,Ashley,Darel Jazz,Richards,,Jazz Richards,,1991-04-12,Midfielder
20492,England,Micah,,Richards,,,,1988-06-24,Right Full-back
15073,England,Kieran,,Richardson,,,,1984-10-21,Left Winger
7712,Wales,Samuel,Derek,Ricketts,,,,1981-10-11,Defender
14278,England,Liam,,Ridgewell,,,,1984-07-21,Defender
4098,Norway,John Arne,,Riise,,,,1980-09-24,Left Full-back
105322,England,Joe,,Riley,,,,1991-10-13,Right Full-back
3118,Grenada,Jason,Andre Davis,Roberts,,,,1978-01-02,Striker
1801,England,Paul,William,Robinson,,,,1979-10-15,Goalkeeper
2004,England,Paul,Peter,Robinson,,,,1978-12-14,Left Full-back
86168,Spain,Rubén,,Rochina,Naixes,,,1991-03-23,Striker
37334,Colombia,Hugo,,Rodallega,Martínez,,,1985-07-25,Central Forward
13308,Argentina,Maximiliano,Rubén,Rodríguez,,Maxi Rodríguez,,1981-01-02,Midfielder
49384,England,Jack,,Rodwell,,,,1991-03-11,Midfielder
78056,Spain,Oriol,,Romeu,Vidal,,,1991-09-24,Midfielder
13017,England,Wayne,,Rooney,,,,1985-10-24,Central Forward
38290,England,Danny,,Rose,,,,1990-07-02,Midfielder
8597,Czech Republic,Tomáš,,Rosický,,,,1980-10-04,Midfielder
11829,England,Wayne,,Routledge,,,,1985-01-07,Right Winger
50264,England,Declan,,Rudd,,,,1991-01-16,Goalkeeper
19236,England,John,,Ruddy,,,,1986-10-24,Goalkeeper
37084,Costa Rica,Bryan,Jafet,Ruiz,González,,,1985-08-18,Central Forward
37748,France,Bacary,,Sagna,,,,1983-02-14,Right Full-back
4396,France,Louis,,Saha,,,,1978-08-08,Striker
4142,Spain,Miguel,Ángel,Salgado,Fernández,Míchel Salgado,,1975-10-22,Right Full-back
20359,Congo,Christopher,,Samba,,,,1984-03-28,Central Defender
55415,Republic of Ireland,Conor,,Sammon,,,,1986-11-06,Striker
75880,Spain,Daniel,,Sánchez,Ayala,Daniel Ayala,,1990-11-07,Central Defender
26725,Spain,José,Enrique,Sánchez,Díaz,José Enrique,,1986-01-23,Left Full-back
15395,Turkey,Tuncay,,Şanlı,,Tuncay,,1982-01-16,Striker
55604,Italy,Davide,,Santon,,,,1991-01-02,Left Full-back
53392,Brazil,Ramires,,Santos,do Nascimento,Ramires,,1987-03-24,Central Midfielder
65807,Montenegro,Stefan,,Savić,,,,1991-01-08,Central Defender
16210,Austria,Paul,,Scharner,,,,1980-03-11,Defender
363,England,Paul,,Scholes,,,,1974-11-16,Midfielder
1827,Australia,Mark,,Schwarzer,,,,1972-10-06,Goalkeeper
16854,Switzerland,Philippe,,Senderos,,,,1985-02-14,Central Defender
34392,Benin,Stéphane,,Sessègnon,,,,1984-06-01,Central Midfielder
37869,England,Ryan,,Shawcross,,,,1987-10-04,Central Defender
50232,England,Jonjo,,Shelvey,,,,1992-02-27,Midfielder
5750,England,Nicky,,Shorey,,,,1981-02-19,Left Full-back
45158,England,Ryan,,Shotton,,,,1988-09-30,Right Full-back
11735,England,Steve,,Sidwell,,,,1982-12-14,Central Midfielder
55422,Iceland,Gylfi,,Sigurðsson,,,,1989-09-08,Midfielder
40725,England,Danny,,Simpson,,,,1987-01-04,Right Full-back
19688,England,Scott,,Sinclair,,,,1989-03-25,Midfielder
26793,Slovakia,Martin,,Škrtel,,,,1984-12-15,Central Defender
89328,England,Jordan,,Slew,,,,1992-09-07,Striker
55909,England,Chris,,Smalling,,,,1989-11-22,Central Defender
54469,England,Adam,,Smith,,,,1991-04-29,Right Full-back
999,England,Alan,,Smith,,,,1980-10-28,Midfielder
2019,England,Tommy,,Smith,,,,1980-05-22,Right Winger
21091,Cameroon,Alexandre,,Song,,,,1987-09-09,Midfielder
66978,England,Marvin,,Sordell,,,,1991-02-17,Striker
1945,Denmark,Thomas,Løvendahl,Sørensen,,,,1976-06-12,Goalkeeper
55548,England,Jay,,Spearing,,,,1988-11-25,Midfielder
13439,France,Sébastien,,Squillaci,,,,1980-08-11,Central Defender
16234,Netherlands,Ronnie,,Stam,,,,1984-06-18,Right Full-back
18832,England,Richard,,Stearman,,,,1987-08-19,Defender
28183,Iceland,Grétar,,Steinsson,,,,1982-01-09,Right Full-back
103955,England,Raheem,,Sterling,,,,1994-12-08,Midfielder
15903,England,David,,Stockdale,,,,1985-09-20,Goalkeeper
58778,Argentina,Denis,Andrés,Stracqualursi,,,,1987-10-20,Striker
40755,England,Daniel,,Sturridge,,,,1989-09-01,Striker
39336,Uruguay,Luis,Alberto,Suárez,Díaz,,,1987-01-24,Striker
15237,England,Andrew,,Surman,,,,1986-08-20,Midfielder
59936,Poland,Wojciech,Tomasz,Szczęsny,,,,1990-04-18,Goalkeeper
39765,Morocco,Adel,,Taarabt,,,,1989-05-24,Midfielder
19740,Nigeria,Taye,,Taïwo,,,,1985-04-16,Left Full-back
27348,Romania,Gabriel,,Tamaș,,,,1983-11-09,Central Defender
11883,England,Alan,,Tate,,,,1982-09-02,Defender
47390,Wales,Neil,John,Taylor,,,,1989-02-07,Left Full-back
14775,England,Ryan,,Taylor,,,,1984-08-19,Midfielder
17974,England,Steven,,Taylor,,,,1986-01-23,Defender
57069,Cameroon,Somen,,Tchoyi,,,,1983-03-29,Midfielder
1718,England,John,,Terry,,,,1980-12-07,Central Defender
12765,England,Jerome,,Thomas,,,,1983-03-23,Left Winger
79843,England,George,,Thorne,,,,1993-01-04,Midfielder
19124,England,Marc,,Tierney,,,,1985-08-23,Left Full-back
28301,Côte d'Ivoire,Cheick,Ismaël,Tioté,,,,1986-06-21,Central Midfielder
14402,Spain,Fernando,José,Torres,Sanz,,,1984-03-20,Striker
14664,Côte d'Ivoire,Gnégnéri,Yaya,Touré,,Yaya Touré,,1983-05-13,Midfielder
12450,Côte d'Ivoire,Kolo,Abib,Touré,,,,1981-03-19,Central Defender
20488,Senegal,Armand,,Traoré,,,,1989-10-08,Left Full-back
5288,Germany,Gerhard,,Tremmel,,,,1978-11-16,Goalkeeper
19921,Portugal,Raul,José,Trindade,Meireles,Raul Meireles,,1983-03-17,Central Midfielder
107853,Italy,Marcello,,Trotta,,,,1992-09-29,Striker
17694,England,Ross,,Turnbull,,,,1985-01-04,Goalkeeper
15864,England,Michael,,Turner,,,,1983-11-09,Defender
15498,Côte d'Ivoire,Lohoré,Steve,Ulrich,Gohouri,Steve Gohouri,,1981-02-08,Defender
1640,England,Matthew,,Upson,,,,1979-04-18,Central Defender
20695,Ecuador,Luis,Antonio,Valencia,Mosquera,Antonio Valencia,,1985-08-04,Right Winger
74230,Netherlands,Patrick,,van Aanholt,,,,1990-08-29,Left Full-back
4611,Netherlands,Rafael,,van der Vaart,,,,1983-02-11,Midfielder
12297,Netherlands,Robin,,van Persie,,,,1983-08-06,Striker
7631,Wales,David,Owen,Vaughan,,,,1983-02-18,Central Midfielder
19916,England,James,,Vaughan,,,,1988-07-14,Striker
98464,England,Joshua,,Vela,,,,1993-12-14,Midfielder
60865,Greece,Apostolos,,Vellios,,,,1992-01-08,Striker
15943,Belgium,Thomas,,Vermaelen,,,,1985-11-14,Defender
14965,Serbia,Nemanja,,Vidić,,,,1981-10-21,Central Defender
40399,Wales,Samuel,Michael,Vokes,,,,1989-10-21,Striker
39215,Netherlands,Michel,,Vorm,,,,1983-10-20,Goalkeeper
59304,Slovenia,Haris,,Vučkić,,,,1992-08-21,Midfielder
19602,Montenegro,Simon,,Vukčević,,,,1986-01-29,Midfielder
20467,England,Theo,,Walcott,,,,1989-03-16,Striker
58621,England,Kyle,,Walker,,,,1990-05-28,Right Full-back
12813,Republic of Ireland,Jonathan,,Walters,,,,1983-09-20,Striker
11078,England,Elliott,,Ward,,,,1985-01-19,Defender
40616,Republic of Ireland,Stephen,,Ward,,,,1985-08-20,Left Full-back
13310,England,Stephen,,Warnock,,,,1981-12-12,Left Full-back
16045,England,Ben,,Watson,,,,1985-07-09,Midfielder
80979,Austria,Andreas,,Weimann,,,,1991-08-05,Striker
50175,England,Danny,,Welbeck,,,,1990-11-26,Central Forward
20531,Republic of Ireland,Keiren,,Westwood,,,,1984-10-23,Goalkeeper
19958,England,David,,Wheater,,,,1987-02-14,Central Defender
12150,Republic of Ireland,Glenn,,Whelan,,,,1984-01-13,Central Midfielder
18144,USA,Zak,Benjamin,Whitbread,,,,1984-03-04,Central Defender
5589,England,Dean,,Whitehead,,,,1982-01-12,Central Midfielder
59125,England,Connor,,Wickham,,,,1993-03-31,Striker
1409,England,Aaron,,Wilbraham,,,,1979-10-21,Striker
19714,England,Andy,,Wilkinson,,,,1984-08-06,Right Full-back
19159,Wales,Ashley,Errol,Williams,,,,1984-08-23,Defender
11378,England,Michael,,Williamson,,,,1983-11-08,Defender
32318,Republic of Ireland,Marc,,Wilson,,,,1987-08-17,Defender
973,England,Jonathan,,Woodgate,,,,1980-01-22,Defender
1212,England,Shaun,,Wright-Phillips,,,,1981-10-25,Right Winger
43274,Côte d'Ivoire,Gervais,,Yao Kouassi,,Gervinho,,1987-05-27,Left Forward
86364,England,Nicholas,,Yennaris,,,,1993-05-24,Midfielder
18892,England,Ashley,,Young,,,,1985-07-09,Midfielder
1930,England,Luke,,Young,,,,1979-07-19,Defender
20658,Argentina,Pablo,Javier,Zabaleta,Girod,,,1985-01-16,Right Full-back
4570,England,Bobby,,Zamora,,,,1981-01-16,Striker
37847,France,Ronald,,Zubar,,,,1985-09-20,Defender
